key,letter,line,word,options,note
q01,2,44,L[?].,L.|Kr.|C.,"Scan 0006, left page, pencil note in the left margin beside ""Manieczki"", marked +). The letter before ""Kosten"". It looks like L to me; Kr. (for Kreis, district) is what one would expect."
q02,2,63,weil[?],weil|wie|nur,"Scan 0007, right page, pencil note in the left margin near the foot, beside ""le Prince Hohenlohe avait obéré"". The first word, three or four faint letters. You read ""wie""; ""weil"" (because) would answer the report's ""why then""."
q03,2,36,denn,denn|dann,"Scan 0005, right page, pencil note in the left margin: ""Warum hat sie ... seit 1807"". The first word of its second line. You read ""dann""."
q04,2,50,Decrete.,Decrete.|Decrete!|Decret.,"Scan 0006, right page, pencil note in the left margin beside ""replacés dans le même état"". Its last line, very faint. You read ""derwegen[?]""."
q05,2,67,Larna,Larna|Lama,"Scan 0008, left page, third line: ""la terre appellée ..."", the estate given to General Zastrow."
q06,6,150,Josef,Josef|Jozef,"Scan 0017, the list of judges at the top left, third name."
q07,6,150,Assistant,Assistant|Assessor,"Scan 0017, the same line: the word between ""Zapolski"" and ""Sędziego""."
q08,6,157,Rozdayczer[?],Rozdayczer|Rozdaycer,"Scan 0018, left page, second line: the name of the plaintiffs' advocate. Your doubt mark; pick the first button to drop it."
q09,6,169,"Lublinca,","Lublinca,|Lublińca,","Scan 0019, right page, second and third lines: ""Dobr Lublin-ca"", the estate whose court issued a death certificate. Is there an accent on the n?"
q10,6,192,ustalić,ustalić|uznać|ustaki,"Scan 0022, right page, third line from the foot, after ""Pruski"". I changed your ""ustaki"" to ""ustalić"" (to establish); ""uznać"" (to recognise) is the other candidate."
q11,6,210,nieobiętym,nieobiętym|nieobciętym,"Scan 0025, second line: the word before ""stęplu""."
q12,6,211,Karuecki,Karuecki|Karnecki|Kamecki,"Scan 0025, the signature under the certification: the surname."
q13,6,211,Likrę[?],Likrę[?]|Sekr.|Sekrę,"Scan 0025, the same signature: the word between the surname and ""za Pisarza"". Your doubt mark. It may be an abbreviation of Sekretarz."
