7	Mnosieur	Monsieur	a typing slip; "Monsieur" on the scan
8	Plénipotentiare	Plénipotentiaire	read on the scan
8	communique	communiquer	read on the scan: "a eu ordre de communiquer"
8	rélatif[?]	rélatif	plain on the scan
8	se	le	read on the scan: "le rapport ci-joint"
9	ayany	ayant	read on the scan
9	récuilli[?]	récueilli	read on the scan
15	acif	actif	read on the scan: "la liquidation de l'actif et du passif"
16	Varovie	Varsovie	read on the scan
16	chargé	charge	read on the scan: "à la charge du Gouvernement Prussien"
16	pr	par	read on the scan: "contractées par les donnataires"
16	soix	soit	read on the scan
16	supputé[?]	supputé	plain on the scan
23	l’obligea[?]	l’obligea	plain on the scan
27	cherchez	chercher	read on the scan
27	désai[?]	délai	read on the scan: "proroger le délai fixé"
27	mis	mais	read on the scan: "mais avant qu'il ai pû"
27	succomber	succomba	read on the scan
32	survinrent[?]	survinrent	plain on the scan
35	teurs[?]	leurs	read on the scan: "dans leurs propriétés respectives"
41	en[?]	eu	read on the scan: "elle n'aurait eu aucun sujet"
45	néanmoins[?]	néanmoins	plain on the scan; the n is written in above
45	ressortaient;[?]	ressortaient;	plain on the scan
46	astreins[?]	astreins	plain on the scan
49	Wichnowski	Wichrowski	read on the scan; the same man is "Wichrowsky" on 0006
50	Wichnowski	Wichrowski	read on the scan
53	jugea[?]	jugea	plain on the scan
57	néanmoins[?]	néanmoins	plain on the scan; the n is written in above
57	reconnut[?]	reconnut	plain on the scan
57	st	est	read on the scan: "il est hors de doute"
57	s’étair	s’était	read on the scan
59	indeminté	indemnité	read on the scan
61	dans	sans	read on the scan: "sans attendre que le Staroste"
61	prouse	prouve	read on the scan
62	bus	bas	read on the scan; "en bas âge" also on 0005
64	redressant[?]	redressant	plain on the scan
88	indispensible	indispensable	read on the scan
88	plaiser	plaider	read on the scan
88	sens	sers	read on the scan: "je me sers de copies simples"
93	acquiescen	acquiescer	read on the scan
93	sacrificer	sacrifier	read on the scan
94	en	eu	read on the scan: "a eu l'honneur d'adresser"
95	furient	furent	read on the scan
101	créances	créance	read on the scan: "cette créance hypothécaire"
101	hypothécaise	hypothécaire	read on the scan
104	servit	servir	read on the scan
105	constractées	contractées	read on the scan
105	c’acte	l’acte	read on the scan
106	Gouvernment	Gouvernement	read on the scan
107	en	eu	read on the scan: "a eu l'honneur de s'adresser"
111	demura	demeura	read on the scan
111	expépiée	expédiée	read on the scan
111	écoutés	écoulés	read on the scan
112	supèrier	supérieur	read on the scan
113	argument	argumens	read on the scan: "les argumens allégués"
116	étrance	étrange	read on the scan
117	arisés	avisés	read on the scan
118	em	en	read on the scan: "déjà en 1819"
118	exiédé	excédé	read on the scan
118	one	ont	read on the scan: "ont excédé les bornes"
118	quit	qui	read on the scan
120	quit	qui	read on the scan: "ce qui suit"
125	légitement	légitimement	read on the scan
126	Gouvernmenet	Gouvernement	read on the scan
126	convistion	conviction	read on the scan
126	rclamation	réclamation	read on the scan
126	se	ce	read on the scan: "ce qui paroit être le dessein"
