538	à	a	"Il y a": no accent on the scan
538	en	eu	"ayant eu le bonheur"; n and u are one shape in this hand
539	remise	remis	the final letter is her looped s, as in "plus", "suis", "depuis"; "je lui remis"
541	bouté	bonté	"avec bonté"; n and u are one shape
542	aus	ans,	"voici quatre ans, que"; n/u, and the comma is on the scan
543	a	à	"commencé à Posen": the accent is on the scan
562	pour	point	"Je ne connais point"; the word ends in t, written as on "tout" and "doit"
562	de	des	"des Lois": her looped s follows
562	Loix,	Lois,	the word ends in a long s, not x
563	recouvrir	recourir	"ose recourir à la bienveillance"; no v on the scan
564	supplier	suplier	one p on the scan, as in her "suplais"
565	longtemps.	longtems.	"long tems" with her looped s and no p
567	daiquatez	daignatez	the same g-n as in "daigner" three lines above; "que Vous daignatez me faire"
567	fais,	sais,	"Je le sais": a long s without the cross-stroke of the f in "faire" beside it
569	ferai	serai	"je serai abandonnée": the same long s as in "soutiendra" and "secours"
570	bouté	bonté	as above
