15	unterkönigst	unterthänigst	no such word; the formula "allerunterthänigst", as in this government's report of 10 July
22	Creue[?]	Treue	the same formula
22	derotester	devotester	the closing formula "ersterben in devotester Treue"; no such word
27	ferner	Hering	a signature among signatures; the same man signs "Hering" on the report of 18 December (signatures sheet)
31	Darmenberg	Dannenberg	the same signature on all three reports, read "Dannenberg[?]" on the third; n-n and r-m are the same minims, and Darmenberg is no name
35	[?]oening	Hoening	the same signature, read "Hoening" on the report of 18 December
38	Tischer[?]	Tischer	read without doubt on the report of 10 July
42	G[?]	G[oldbeck]	the paraph of one hand on every paper issued in the Grand Chancellor's name (signatures sheet, hand 1); Goldbeck held the office
55	Ungesichts	Angesichts	no such word; the chancery formula "Angesichts dieses"
59	Bösen	Posen	the address of an order to "der Regierung zu Posen", named six lines above
77	Beweismufnahme[?]	Beweisaufnahme	no such word; "Terminus zur Beweisaufnahme und zum Schluß Verfahren"
85	H[...]	Hering	the same signature in the same place as on the other two reports
88	Darmenberg	Dannenberg	as in document 1
97	G[?]	G[oldbeck]	the paraph of one hand on every paper issued in the Grand Chancellor's name (signatures sheet, hand 1); Goldbeck held the office
111	verpögerten	verzögerten	no such word; an Instruction delayed "durch zu viele Nachsicht" has one reading
169	ach	nach	"nach Innhalt des Bittschreibens ... zu verfügen"; the n is on the scan
170	entgehen	entgegen	the idiom "der Gewährung ... getrost entgegen sehen"; entgehen gives no sentence
178	[L?]ebtagsRecht	LebtagsRecht	the same word written out three more times in this letter
199	irgende	irgend	broken over the line on the scan: "irgend / einem andern ... Collegio"
200	mein	einem	the same; "mein andern Collegio" gives no sentence
217	[?]undes	mundes	Vor¬mundes over the line end; "des Vormundes der minorennen" in the rescripts written from this decree
230	bekommt.	bekannt.	the rescript written from this line: "zur Nachricht und Achtung hierdurch bekannt"
235	Q[?]nz[?]	G[oldbeck]	the paraph of one hand on every paper issued in the Grand Chancellor's name (signatures sheet, hand 1); Goldbeck held the office
244	Ræsche	Räthe	the decree: "Räthe"; no such word
244	meißen	meiſten	the decree: "Da die meiſten Räthe ihres Collegii"; this clerk's ſt is read ß
245	Misglieder	Mitglieder	the decree: "Mitglieder des dortigen Vormundschafts. Collegii"; this clerk's t is read s
254	gezunden,	gefunden,	the decree: "veranlaßt gefunden"
274	Schwolner[?]	Schroener	the same clerk's signature under the rescript of 31 December, there read "Khroener[?]"; side by side the two read Schroener (signatures sheet)
278	Schwebes	Schwebet	no such word; this clerk's final t is read s
288	meißen	meiſten	as in document 8; "meiſten Räthe" in document 10
290	resolvire,	resolvirt,	the same sentence in document 10: "so haben Wir resolvirt, daß"
298	benachrichtiges	benachrichtiget	no such word; this clerk's final t is read s
311	Schwebes	Schwebet	as in document 9
325	forcherhalb	solcherhalb	no such word; "solcherhalb das Nötige ... erlassen worden"
331	G[?]	G[oldbeck]	the paraph of one hand on every paper issued in the Grand Chancellor's name (signatures sheet, hand 1); Goldbeck held the office
341	Gouvernement	Gouverneurs	a title in the genitive beside "Generals von der Infanterie"; the Prince was Gouverneur of Breslau; the ending is -eurs on the scan
345	munda[?]	mundiren	the registry direction "im Bureau zu mundiren", written the same way on the draft of 31 December
353	abgeurkelt	abgeurtelt	no such word; "abgeurtelt werde" fourteen lines on
354	darauf	durch	"ist durch den einzigen Umstand ... so sehr begründet" is the only sentence; "durch" on the scan
363	Kleno	Pleno	the decree and the rescripts: "von dem Pleno der Regierung zu Warschau"
377	gewähren	geruhen	the form of address "zu erklären geruhen"; written above the line on the scan
390	G[?]	G[oldbeck]	the paraph of one hand on every paper issued in the Grand Chancellor's name (signatures sheet, hand 1); Goldbeck held the office
396	verfallen	verfehlen	this government's formula, "verfehlen wir nicht", as in its report of 10 July
398	ver¬	er¬	the decree written on this report: "in erster Instanz erkannt worden"
405	er	wir	"so werden wir nicht ermangeln"; the report speaks as wir throughout
407	beei¬	been¬	"nach beendigter Instruction"; an Instruction is concluded, not sworn
409	Aburkelung	Aburtelung	no such word
418	Dannenberg[?]	Dannenberg	as in document 1
429	Gu[?]	G[oldbeck]	the paraph of one hand on every paper issued in the Grand Chancellor's name (signatures sheet, hand 1); Goldbeck held the office
445	unterrie¬	unterzie¬	no such word; "Euch der Abfaßung ... zu unterziehen"
456	Gu[?]	G[oldbeck]	the paraph of one hand on every paper issued in the Grand Chancellor's name (signatures sheet, hand 1); Goldbeck held the office
463	Khroener[?]	Schroener	as in document 9
473	Gouvernement	Gouverneurs	as in document 11
486	7.	J.	"unterm 1ten July d. J."; the order is of 1 July 1800 (document 4)
534	Gunz[?]	G[oldbeck]	the paraph of one hand on every paper issued in the Grand Chancellor's name (signatures sheet, hand 1); Goldbeck held the office
