36	Leuoher[?]	Leuchert	Regierungsrath Leuchert: the Poznań government's councillors in the Handbuch über den Königlich Preußischen Hof und Staat for 1800 and 1801 (reference/sources/handbuch_1800_1801_regierung_posen.md), and the three signatures side by side
37	Seih[?]	Richter	Regierungsrath Richter (R, ich, ter on the scan): the Poznań government's councillors in the Handbuch über den Königlich Preußischen Hof und Staat for 1800 and 1801 (reference/sources/handbuch_1800_1801_regierung_posen.md), and the three signatures side by side
38	Tischer	Fischer	Regierungsrath v. Fischer; there is no Tischer: the Poznań government's councillors in the Handbuch über den Königlich Preußischen Hof und Staat for 1800 and 1801 (reference/sources/handbuch_1800_1801_regierung_posen.md), and the three signatures side by side
84	Sühring[?]	Dühring	the councillor the handbook prints Düring (1800) and Döhring (1801); he signs with D, ü and h: the Poznań government's councillors in the Handbuch über den Königlich Preußischen Hof und Staat for 1800 and 1801 (reference/sources/handbuch_1800_1801_regierung_posen.md), and the three signatures side by side
90	Tischer	Fischer	Regierungsrath v. Fischer; there is no Tischer: the Poznań government's councillors in the Handbuch über den Königlich Preußischen Hof und Staat for 1800 and 1801 (reference/sources/handbuch_1800_1801_regierung_posen.md), and the three signatures side by side
91	Leuo[hirt?]	Leuchert	Regierungsrath Leuchert: the Poznań government's councillors in the Handbuch über den Königlich Preußischen Hof und Staat for 1800 and 1801 (reference/sources/handbuch_1800_1801_regierung_posen.md), and the three signatures side by side
92	S[...]	Richter	Regierungsrath Richter: the Poznań government's councillors in the Handbuch über den Königlich Preußischen Hof und Staat for 1800 and 1801 (reference/sources/handbuch_1800_1801_regierung_posen.md), and the three signatures side by side
93	Merzow[?]	Herford	Regierungsrath v. Herford: the Poznań government's councillors in the Handbuch über den Königlich Preußischen Hof und Staat for 1800 and 1801 (reference/sources/handbuch_1800_1801_regierung_posen.md), and the three signatures side by side
413	Vühring[?]	Dühring	as above: the Poznań government's councillors in the Handbuch über den Königlich Preußischen Hof und Staat for 1800 and 1801 (reference/sources/handbuch_1800_1801_regierung_posen.md), and the three signatures side by side
422	Leewhert[?]	Leuchert	Regierungsrath Leuchert: the Poznań government's councillors in the Handbuch über den Königlich Preußischen Hof und Staat for 1800 and 1801 (reference/sources/handbuch_1800_1801_regierung_posen.md), and the three signatures side by side
423	Beimk[?]	Richter	Regierungsrath Richter: the Poznań government's councillors in the Handbuch über den Königlich Preußischen Hof und Staat for 1800 and 1801 (reference/sources/handbuch_1800_1801_regierung_posen.md), and the three signatures side by side
