txt,page1,page2,split_after_line,new_lines,old_p1_lines,old_p2_lines,margin,p1_last_score,p2_first_score,p1_last_line,p2_first_line,flag
0005_Oe 1_Bue 9454_0003_a.txt,Oe_1_Bu_9454_0003_a1-L2_02.txt,Oe_1_Bu_9454_0003_a2-L2_03.txt,27,54,28,27,0.57,1.0,1.0,das Geld wird gezahlt und ein Administrator angestellt,Die andern Ewr Durchlaucht angehenden Sachen finden ſch von ſelbſt,
0010_Oe 1_Bue 9454_0007_a.txt,Oe_1_Bu_9454_0007_a1-L4_02.txt,Oe_1_Bu_9454_0007_a2-L4_03.txt,32,44,31,12,0.65,1.0,1.0,v Triebenfeld,hier ist forthen an Neuigkeiten Ebbe und Fluth zu einen Augenblick bäut Nachraht des,
0014_Oe 1_Bue 9454_0011_a.txt,Oe_1_Bu_9454_0011_a1-L6_02.txt,Oe_1_Bu_9454_0011_a2-L6_03.txt,24,55,24,32,0.56,1.0,1.0,muß geleistet werden — Das Spiel steht gut auf jeden Falle bitte ich defach¬,Nur zählen Sie nichts auf St. Rechnung der hat bey Gott nichts gethan — Es könte,
0022_Oe 1_Bue 9454_0019_a.txt,Oe_1_Bu_9454_0019_a1-L11_02.txt,Oe_1_Bu_9454_0019_a2-L11_03.txt,34,39,34,5,0.59,1.0,0.96,v Triebenfeld,In diesen Stunde erfahre ich / eine Sage die von dem Gt. Cab. Secret Neuperg Court / daß seit heutigen,
0028_Oe 1_Bue 9454_0023_a.txt,Oe_1_Bu_9454_0023_a1-L15_02.txt,Oe_1_Bu_9454_0023_a2-L15_03.txt,20,45,20,25,0.4,1.0,1.0,v Triebenfeld,Seit dem 7 ten Febr habe ich von Ewo Durchlaucht kein Schreiben erhalten,
0032_Oe 1_Bue 9454_0027_a.txt,Oe_1_Bu_9454_0027_a1-L17_02.txt,Oe_1_Bu_9454_0027_a2-L17_03.txt,20,40,20,20,0.54,1.0,1.0,"Ich mich berechnen, das ist wahrlich ein verflichter","Gedanke, ich habe mich Gott, was wo verbergt",
0035_Oe 1_Bue 9454_0029_a.txt,Oe_1_Bu_9454_0029_a1-L18_02.txt,Oe_1_Bu_9454_0029_a2-L18_03.txt,21,42,21,21,0.5,1.0,1.0,welche die Invaliden Casse 1808 d. 14t Febr gegen Quittung,"in Empfang genommen, und welche das Französische",
0038_Oe 1_Bue 9454_0031_a.txt,Oe_1_Bu_9454_0031_a1-L19_02.txt,Oe_1_Bu_9454_0031_a2-L19_03.txt,20,39,20,19,0.6,1.0,1.0,mit den Richtern weg und hat man einen gewonnen so,hohlt ihm der Todt und Teufel wieder zu den Proces,
0041_Oe 1_Bue 9454_0033_a.txt,Oe_1_Bu_9454_0033_a1-L20_02.txt,Oe_1_Bu_9454_0033_a2-L20_03.txt,31,58,30,27,0.24,0.58,1.0,v Triebenfeld,Abschaft des Briefes an,check
0044_Oe 1_Bue 9454_0036_a.txt,Oe_1_Bu_9454_0036_a1-L22_02.txt,Oe_1_Bu_9454_0036_a2-L22_03.txt,25,50,25,25,0.51,0.98,1.0,ich habe einen gewißen Stenger angenommen der die Sache jezt mit,Macht betreibt – Er kostet mich viel aber wird gewis alles aufs Reine,
0047_Oe 1_Bue 9454_0039_a.txt,Oe_1_Bu_9454_0039_a1-L23_02.txt,Oe_1_Bu_9454_0039_a2-L23_03.txt,25,62,25,37,0.53,0.99,1.0,thänigen Bericht erstatten. Er verspricht Trąbczyn schnell zu viedigern,auch Kaemen zurück zu ſchafen damit Leixner nicht Lerm ſchlagen darf,
0051_Oe 1_Bue 9454_0042_a.txt,Oe_1_Bu_9454_0042_a1-L24_03.txt,Oe_1_Bu_9454_0042_a2-L24_04.txt,22,38,22,16,0.66,1.0,1.0,v Triebenfeld,Schulden des Fürsten,
0055_Oe 1_Bue 9454_0046_a.txt,Oe_1_Bu_9454_0046_a1-L26_02.txt,Oe_1_Bu_9454_0046_a2-L26_03.txt,23,50,23,27,0.58,1.0,1.0,"wann er für höchst Sie was nachsuchen würde, gefällig zu sein",Diesen Brief gab ich ab ward gleich vorgefordert und gefragt was,
0059_Oe 1_Bue 9454_0050_a.txt,Oe_1_Bu_9454_0050_a1-L28_02.txt,Oe_1_Bu_9454_0050_a2-L28_03.txt,25,48,25,23,0.57,1.0,1.0,"Zeit in erster Instanz verlohren hat, wie",ich aus den Manual Acten mich informiret.,
0064_Oe 1_Bue 9454_0054_a.txt,Oe_1_Bu_9454_0054_a1-L30_02.txt,Oe_1_Bu_9454_0054_a2-L30_03.txt,25,50,25,26,0.57,0.94,1.0,"6000 rt, die Höchst Sie an Eisenhardt cedirt haben,","zurückschiken, damit ich die dafür verſezte Kontazen",
0066_Oe 1_Bue 9454_0056_a.txt,Oe_1_Bu_9454_0056_a1-L31_02.txt,Oe_1_Bu_9454_0056_a2-L31_03.txt,37,72,37,33,0.53,0.94,1.0,wird also gegen ehedem erspart 1900 rt.,Auf der Art allein bleibt Ewr Durchlaucht Verfügung unbeschadet stehen und ich,
0069_Oe 1_Bue 9454_0058_a.txt,Oe_1_Bu_9454_0058_a1-L32_02.txt,Oe_1_Bu_9454_0058_a2-L32_03.txt,38,53,38,15,0.51,1.0,0.96,"laucht eben so wie ich geantwortet, indes durcht mir daß",die in Contract bestimmte Edictions Zeit auch sehen abge-,
0071_Oe 1_Bue 9454_0060_a.txt,Oe_1_Bu_9454_0060_a1-L33_02.txt,Oe_1_Bu_9454_0060_a2-L33_03.txt,26,62,26,36,0.44,1.0,1.0,können sie nicht um mich kommen / zu chicaniren benächt sind.,daß Ihnen mein Gnädigster Fürst und Herr Geistes Ruhe fehlt glaube ich gerne. Dies,
0075_Oe 1_Bue 9454_0064_a.txt,Oe_1_Bu_9454_0064_a1-L35_02.txt,Oe_1_Bu_9454_0064_a2-L35_03.txt,28,66,28,38,0.43,1.0,1.0,geben soll und auf der Art bey ich um Ewer durchlaucht Sache willen in fort,währenden Arrest - Nach Königsberg kan ich um Ewr Durchlaucht Ehre willen,
0077_Oe 1_Bue 9454_0066_a.txt,Oe_1_Bu_9454_0066_a1-L36_02.txt,Oe_1_Bu_9454_0066_a2-L36_03.txt,34,64,34,30,0.52,1.0,0.97,unter,kein andern Bedingung eingingen,
0080_Oe 1_Bue 9454_0068_a.txt,Oe_1_Bu_9454_0068_a1-L36_06.txt,Oe_1_Bu_9454_0068_a2-L36_07.txt,34,67,35,34,0.46,0.91,0.96,darüber zuvertheilen.,Das anl. Rhlr an p Amelang,
0089_Oe 1_Bue 9454_0076_a.txt,Oe_1_Bu_9454_0076_a1-L41_02.txt,Oe_1_Bu_9454_0076_a2-L41_03.txt,24,49,24,25,0.6,1.0,1.0,seinen Handlungen nur sein eigen Intresse und sucht seine Taschen,zu hätten. Alle treten leise auf um sich auf Ihren Plazzen zu erhalten und,
0092_Oe 1_Bue 9454_0078_a.txt,Oe_1_Bu_9454_0078_a1-L42_02.txt,Oe_1_Bu_9454_0078_a2-L42_03.txt,21,42,21,25,0.6,1.0,0.98,Intressen und Kosten. Um indes von dem Agiotien wie alle Bank,Banquiers zur profitiren und aus der Affaire zu kommen kaufte und,
0095_Oe 1_Bue 9454_0080_a.txt,Oe_1_Bu_9454_0080_a1-L42_06.txt,Oe_1_Bu_9454_0080_a2-L42_07.txt,21,45,21,24,0.55,1.0,1.0,"Ungemach willig dulden Tag und Nacht reisen, nur meiner",Freyheit will und kan ich nicht beraubt sein. Ich bin in allen,
0101_Oe 1_Bue 9454_0086_a.txt,Oe_1_Bu_9454_0086_a1-L45_02.txt,Oe_1_Bu_9454_0086_a2-L45_03.txt,24,54,25,30,0.58,0.96,1.0,"Eysen schicken dafür Papiere kaufen, so schaffe ich gewis mehr den 6 rt Courant pr Centen","und wann dafür Papiere für den halben oder 1/3 Worten in schicklichen Zeiten gekauft werden, so bezahlt man damit die",
0105_Oe 1_Bue 9454_0090_a.txt,Oe_1_Bu_9454_0090_a1-L47_02.txt,Oe_1_Bu_9454_0090_a2-L47_03.txt,27,56,28,29,0.33,0.68,1.0,die buben restiren der Prozeß. Eine grobe Lage aber ist es,"daß die Kerls nicht alle Gründe erhalten hätte, die ihm in Contract zugesagt",
0119_Oe 1_Bue 9454_0103_a.txt,Oe_1_Bu_9454_0103_a1-L54_02.txt,Oe_1_Bu_9454_0103_a2-L54_03.txt,27,62,27,35,0.56,1.0,1.0,Durchlaucht den jezt alte Schulden zu zahlen zwingen.,das General Moratorium schüzt sie ja bis Johanni 1810,
0121_Oe 1_Bue 9454_0105_a.txt,Oe_1_Bu_9454_0105_a1-L55_02.txt,Oe_1_Bu_9454_0105_a2-L55_03.txt,33,65,34,32,0.6,0.98,1.0,an 3 Millionen werth sind - und die Gastheim haben solte - Kan Wratislaw so viel würken,ſo läßt man dem das Geld wovon noch die Legata berichtiget werden müßen.,
0124_Oe 1_Bue 9454_0107_a.txt,Oe_1_Bu_9454_0107_a1-L56_02.txt,Oe_1_Bu_9454_0107_a2-L56_03.txt,15,35,15,20,0.46,1.0,1.0,v Triebenfeld,Verzeihen Ewr Hochfürstliche Durchlaucht gnädigst diesen Nachtrag. Den Augenblick als,
0126_Oe 1_Bue 9454_0109_a.txt,Oe_1_Bu_9454_0109_a1-L57_02.txt,Oe_1_Bu_9454_0109_a2-L57_03.txt,27,54,27,27,0.58,1.0,1.0,giebt - Rußland spielt eine eigene Rolle indes steht es zwischen unsern,"und den Mußischen Hoff alles sehr gut, ich hoffe die Pohlen werden sich im Kurzen",
0129_Oe 1_Bue 9454_0111_a.txt,Oe_1_Bu_9454_0111_a1-L58_02.txt,Oe_1_Bu_9454_0111_a2-L58_03.txt,25,57,25,32,0.57,1.0,0.97,"so ausgeführt wird, wird genau registrirt und jeder muß das Geld","dafür einbringen und praesentiren - Alle Briefe, selbst alle Königl. officiale",
0131_Oe 1_Bue 9454_0113_a.txt,Oe_1_Bu_9454_0113_a1-L59_02.txt,Oe_1_Bu_9454_0113_a2-L59_03.txt,28,58,28,30,0.46,1.0,1.0,"retten können, zu Ewr Durchlaucht geeilt sein würde, werden Höchst Sie mich","doch wohl ohne große Betheuerungen glauben. Der Himmel ist mein Zeuge, daß ich nur",
0134_Oe 1_Bue 9454_0115_a.txt,Oe_1_Bu_9454_0115_a1-L60_02.txt,Oe_1_Bu_9454_0115_a2-L60_03.txt,27,55,29,28,0.47,1.0,0.97,nebst alle Produkte wieder frey geben. Von dem Blut,Blut-Igel van der Lahr schickt wir Graevenitz in diesem Augenblick eine Quittung,
0140_Oe 1_Bue 9454_0119_a.txt,Oe_1_Bu_9454_0119_a1-L63_02.txt,Oe_1_Bu_9454_0119_a2-L63_03.txt,23,44,23,21,0.53,0.97,1.0,der Rußische Batek wird uns allewege genug sein,Was sonsten Ewr Durchlaucht von Schlawenschitz geschrieben werden kan daran,
0146_Oe 1_Bue 9454_0124_a.txt,Oe_1_Bu_9454_0124_a1-L64_05.txt,Oe_1_Bu_9454_0124_a2-L64_06.txt,10,29,10,19,0.47,0.98,0.93,Ein Schreiben von der Prinzeßin am Heßen Rothenburg erfolgt anbey -,Erbarmen sich Ewr Durchlaucht und schulen nur Geld - 300 rt in Golde muß ich haben,
0148_Oe 1_Bue 9454_0126_a.txt,Oe_1_Bu_9454_0126_a1-L65_02.txt,Oe_1_Bu_9454_0126_a2-L65_03.txt,27,60,29,30,0.58,1.0,1.0,"dies alles zug die Folge nach sich, daß meine Creditoren toll wurden","meine Güter Sequestriten, und Lahr mich auspfänden lies —",
0150_Oe 1_Bue 9454_0128_a.txt,Oe_1_Bu_9454_0128_a1-L66_02.txt,Oe_1_Bu_9454_0128_a2-L66_03.txt,21,53,21,29,0.55,0.98,1.0,"wohl im Seat liegen laßen, und unsere ärmseelige",Executent als einen Punckt auf der Charte vom Europa wie im Tilsit,
0154_Oe 1_Bue 9454_0131_a.txt,Oe_1_Bu_9454_0131_a1-L67_02.txt,Oe_1_Bu_9454_0131_a2-L67_03.txt,24,58,25,32,0.59,1.0,0.97,Honrichs und Heckert haben sich Hufen zugeeignet und angebaut,"zum Glück aber ist das widerrechtlich und von mir ein Approbirt, man",
0157_Oe 1_Bue 9454_0133_a.txt,Oe_1_Bu_9454_0133_a1-L68_02.txt,Oe_1_Bu_9454_0133_a2-L68_03.txt,28,60,28,32,0.61,1.0,1.0,"Gott in der Todes Stunde gnädig sein soll keinen dh. Münze in Hause, ich","soll dennoch die Leute füttern Weise Geld gebe, und Kosten Vorschuße machen -",
0161_Oe 1_Bue 9454_0137_a.txt,Oe_1_Bu_9454_0137_a1-L70_02.txt,Oe_1_Bu_9454_0137_a2-L70_03.txt,25,48,25,23,0.55,1.0,1.0,Nachhandelt mann Sie zu und ankbar. Ich dulde keine Demüthigung und werde,Ihnen oder mich nichts vergeben. Sie ſind der einzige auf dieſen Erden wund,
0165_Oe 1_Bue 9454_0141_a.txt,Oe_1_Bu_9454_0141_a1-L72_02.txt,Oe_1_Bu_9454_0141_a2-L72_03.txt,31,61,31,32,0.14,1.0,0.62,ist zu diesem Behuf die Original Schenkung,"Urkunde, not welche ich Ew Hochwohlgebohren vor zwey Jahren durch den Hallkleister[?] Bailig[?]",check
0168_Oe 1_Bue 9454_0143_a.txt,Oe_1_Bu_9454_0143_a1-L72a_02.txt,Oe_1_Bu_9454_0143_a2-L72a_03.txt,18,37,18,19,0.52,1.0,1.0,"rt erhalten kan, die ich mit dH v Brzechsta mitbringen würde.",die Olernizer Sache wird in dieser Instantz eben so weines als,
0171_Oe 1_Bue 9454_0145_a.txt,Oe_1_Bu_9454_0145_a1-L72b_02.txt,Oe_1_Bu_9454_0145_a2-L72b_03.txt,20,41,20,21,0.5,0.98,0.99,schon mit dHr v. Brzechsta geneigt und appellirt nicht weiter,"Jedes wüthet er jetzt gegen Hecker, Honrichs und den ehemaligen Trąbczyner",
0177_Oe 1_Bue 9454_0151_a.txt,Oe_1_Bu_9454_0151_a1-L72f_02.txt,Oe_1_Bu_9454_0151_a2-L72f_03.txt,23,44,23,21,0.51,0.91,1.0,"regulirt, einen Pod prefecten auf den Fleck Tod gestagt",Gott weis was daraus werden und wie lange diese,
0180_Oe 1_Bue 9454_0153_a.txt,Oe_1_Bu_9454_0153_a1-L73_02.txt,Oe_1_Bu_9454_0153_a2-L73_03.txt,31,62,31,31,0.56,0.92,1.0,Verkaufs Project an Hr Weigelt u [d?]oron v Stössel.,"würde mir ebenfalls willkommen seyn, wenn ich es nur noch na¬",
0183_Oe 1_Bue 9454_0156_a.txt,Oe_1_Bu_9454_0156_a1-L74a_02.txt,Oe_1_Bu_9454_0156_a2-L74b_01.txt,36,50,36,14,0.21,1.0,0.45,Seelmann,P[ro]. M[emoria].,check
0187_Oe 1_Bue 9454_0160_a.txt,Oe_1_Bu_9454_0160_a1-L75_02.txt,Oe_1_Bu_9454_0160_a2-L75_03.txt,18,34,19,15,0.53,0.98,1.0,"gegangen, dieser hatt den Rath Kruger fest","versichert, daß der Minister Haugwitz Sudpreußisch",
0190_Oe 1_Bue 9454_0163_a.txt,Oe_1_Bu_9454_0163_a1-L77_02.txt,Oe_1_Bu_9454_0163_a2-L77_03.txt,21,50,21,30,0.56,1.0,1.0,ſcheinen. Nur jezt will ich noch immer in,Hinter Grunde stehen damit der Neid nicht etwa in,
0192_Oe 1_Bue 9454_0165_a.txt,Oe_1_Bu_9454_0165_a1-L78_02.txt,Oe_1_Bu_9454_0165_a2-L78_03.txt,19,39,19,20,0.5,1.0,1.0,ich höchstdenenselben nur bloß die unterthänigste Ver¬,"führung geben, daß ich alles was in meinen Kräften steht",
0195_Oe 1_Bue 9454_0167_a.txt,Oe_1_Bu_9454_0167_a1-L79_02.txt,Oe_1_Bu_9454_0167_a2-L79_03.txt,22,46,22,25,0.56,1.0,1.0,keiner Gesell er hatt die Versicherung schon gehabt und,"sich dennoch so verstellt - Mag er indes thun, wie es ihm gefält",
0203_Oe 1_Bue 9454_0174_a.txt,Oe_1_Bu_9454_0174_a1-L83_02.txt,Oe_1_Bu_9454_0174_a2-L83_03.txt,26,46,26,20,0.56,1.0,1.0,v Triebenfeld,Der gute Monarch soll gar nicht recht aufgeräumt sein,
0205_Oe 1_Bue 9454_0176_a.txt,Oe_1_Bu_9454_0176_a1-L84_02.txt,Oe_1_Bu_9454_0176_a2-L84_03.txt,20,33,20,13,0.6,0.98,0.98,"H Paul genushandelt im 3 Tage eingesperrt, der",GroßFürst hatt sehr lamentirt und wie an Kind gewennt –,
0209_Oe 1_Bue 9454_0180_a.txt,Oe_1_Bu_9454_0180_a1-L86_02.txt,Oe_1_Bu_9454_0180_a2-L86_03.txt,27,53,27,27,0.56,1.0,1.0,"mir aber selbst schuldig, auch sogar den Verdacht zu vermeiden, als ob ich","dazu fähig wäre, und dies macht es mir daher zur Pflicht untertänigst",
0211_Oe 1_Bue 9454_0182_a.txt,Oe_1_Bu_9454_0182_a1-L87_02.txt,Oe_1_Bu_9454_0182_a2-L87_03.txt,27,54,29,28,0.45,1.0,0.96,"Mehr als auffallend ist es mir nun, daß der Minister von Voss dem Könige sagte",es giengen dem Raate hierbey an 17400 rthl. jährlich verlohren. Ich,
0216_Oe 1_Bue 9454_0186_a.txt,Oe_1_Bu_9454_0186_a1-L89_02.txt,Oe_1_Bu_9454_0186_a2-L89_03.txt,19,40,19,21,0.62,1.0,1.0,Werth die Sache abmachen solle.,Die Behandlungs Art und Ausführung meiner Idie ist dan,
0219_Oe 1_Bue 9454_0188_a.txt,Oe_1_Bu_9454_0188_a1-L89_06.txt,Oe_1_Bu_9454_0188_a2-L89_07.txt,19,41,19,22,0.52,1.0,1.0,"hohen Pachten engagiret, selbige dadurch den Abtrag der","Pacht stets zu erleichtern gesucht, daß er Ihnen für ihre an der Caesen",
0226_Oe 1_Bue 9454_0194_a.txt,Oe_1_Bu_9454_0194_a1-L93_02.txt,Oe_1_Bu_9454_0194_a2-L93_03.txt,21,44,21,25,0.56,1.0,1.0,Der H. Minister ist abgereiset er hatt eine Dose,vor etliche Tausend vlld erhalten wobey in sehr,
0230_Oe 1_Bue 9454_0198_a.txt,Oe_1_Bu_9454_0198_a1-L95_02.txt,Oe_1_Bu_9454_0198_a2-L95_03.txt,16,34,17,19,0.55,0.98,1.0,nicht aufs neue tournirt und sorgt daß andere,unrichtige Vorspiegelungen vorkommen – der König,
0232_Oe 1_Bue 9454_0200_a.txt,Oe_1_Bu_9454_0200_a1-L96_02.txt,Oe_1_Bu_9454_0200_a2-L96_03.txt,23,51,23,27,0.55,1.0,1.0,Mittwoch in Breslau ein.,In Ansehung des Secularisations Geschäft werde ich dann Ewr,
0234_Oe 1_Bue 9454_0202_a.txt,Oe_1_Bu_9454_0202_a1-L97_02.txt,Oe_1_Bu_9454_0202_a2-L98_01.txt,26,43,27,17,0.54,1.0,1.0,v Triebenfeld,98,
0235_Oe 1_Bue 9454_0203_a.txt,Oe_1_Bu_9454_0203_a1-L98_02.txt,Oe_1_Bu_9454_0203_a2-L98_03.txt,16,34,16,18,0.45,1.0,1.0,"gewaltiges terreur macht, können sich Ewr Durchlaucht",leicht vorstellen. Und ich glaube es wird dem Monarchien,
0238_Oe 1_Bue 9454_0205_a.txt,Oe_1_Bu_9454_0205_a1-L99_02.txt,Oe_1_Bu_9454_0205_a2-L99_03.txt,18,42,18,23,0.58,1.0,0.97,nicht mehr Minister und ganze Dicasteria bescheiden dürfen,wann sie an Souverain schreiben -,
0241_Oe 1_Bue 9454_0208_a.txt,Oe_1_Bu_9454_0208_a1-L101_02.txt,Oe_1_Bu_9454_0208_a2-L101_03.txt,29,57,34,33,0.62,1.0,0.98,Hiermit hat es eine ganz andere Bewandung. Dies ist kein Vor¬,"werk, sondern 1 Holländer Hufe, welche der von Triebenfeld",check
0242_Oe 1_Bue 9454_0209_a.txt,Oe_1_Bu_9454_0209_a1-L101_04.txt,Oe_1_Bu_9454_0209_a2-L101_05.txt,28,56,28,28,0.52,1.0,1.0,"3. Haben die Juden durch Urtel und Recht es dahin gebracht, daß",sie auf geringere Abgaben herunter gesetzt sind.,
0243_Oe 1_Bue 9454_0210_a.txt,Oe_1_Bu_9454_0210_a1-L101_06.txt,Oe_1_Bu_9454_0210_a2-L101_07.txt,27,35,28,9,0.58,1.0,0.98,"per Cabinets Ordre aufgeben, die Untersuchung durch 2","Mitglieder der Kamer, die mit der Rache bekannt sind,",
0245_Oe 1_Bue 9454_0212_a.txt,Oe_1_Bu_9454_0212_a1-L102_02.txt,Oe_1_Bu_9454_0212_a2-L102_03.txt,19,39,19,20,0.62,1.0,1.0,"Acta zu reponiren, damit dem Mädchen was zu","gewandt würde, - weil Ewr Durchlaucht sich sonsten wohl zu",
0248_Oe 1_Bue 9454_0214_a.txt,Oe_1_Bu_9454_0214_a1-L103_02.txt,Oe_1_Bu_9454_0214_a2-L103_03.txt,21,49,21,34,0.49,1.0,1.0,Allein die Anschläge des von dem Minister selbst gewählt,"Kammerath Beukerts bewiesen, daß noch 2 mahl so viel Schuldig",
0251_Oe 1_Bue 9454_0216_a.txt,Oe_1_Bu_9454_0216_a1-L104_02.txt,Oe_1_Bu_9454_0216_a2-L104_03.txt,21,52,21,28,0.6,1.0,1.0,"bemerke ich es mir noch unterthänig, daß der Prittwitz",ein erbarmiglicher Lügener ist – der Mensch hatt mich weiter,
0253_Oe 1_Bue 9454_0218_a.txt,Oe_1_Bu_9454_0218_a1-L105_02.txt,Oe_1_Bu_9454_0218_a2-L105_03.txt,19,32,19,13,0.57,1.0,1.0,felsen Feste Standhaftigkeit und alle Denkart,Den Augenblick erhalte ich von Glenck in der Prusimskischen,
0255_Oe 1_Bue 9454_0220_a.txt,Oe_1_Bu_9454_0220_a1-L106_02.txt,Oe_1_Bu_9454_0220_a2-L106_03.txt,18,41,18,23,0.56,1.0,0.98,"noch veranschlagung der Güter, und ohne Umschwizf","geredet, so glaube ich daß die H. Min: hier en Souverain",
0257_Oe 1_Bue 9454_0222_a.txt,Oe_1_Bu_9454_0222_a1-L107_02.txt,Oe_1_Bu_9454_0222_a2-L107_03.txt,15,34,15,20,0.62,1.0,0.97,gewisser Hoym und der Professor Selle¬,Ubrigens man[?] in Publicum fast alles Haare klein,
0262_Oe 1_Bue 9454_0226_a.txt,Oe_1_Bu_9454_0226_a1-L109_02.txt,Oe_1_Bu_9454_0226_a2-L110_01.txt,14,41,14,25,0.58,1.0,1.0,alles in der Welt leiden.,110,
0267_Oe 1_Bue 9454_0230_a.txt,Oe_1_Bu_9454_0230_a1-L113_02.txt,Oe_1_Bu_9454_0230_a2-L114_01.txt,15,38,15,22,0.63,1.0,1.0,v Triebenfeld,114,
0268_Oe 1_Bue 9454_0231_a.txt,Oe_1_Bu_9454_0231_a1-L114_02.txt,Oe_1_Bu_9454_0231_a2-L115_01.txt,24,40,24,16,0.59,1.0,1.0,Frig[?],115,
0269_Oe 1_Bue 9454_0232_a.txt,Oe_1_Bu_9454_0232_a1-L115_02.txt,Oe_1_Bu_9454_0232_a2-L116_01.txt,24,43,24,18,0.05,1.0,1.0,v Triebenfeld,116,check
0270_Oe 1_Bue 9454_0233_a.txt,Oe_1_Bu_9454_0233_a1-L116_02.txt,Oe_1_Bu_9454_0233_a2-L116_03.txt,18,35,18,17,0.56,1.0,1.0,Geruhen Ewr Durchlaucht auch noch diese Bitte zu,beherzigen und laßen dies billet ja nicht Wünstere noch andern,
0272_Oe 1_Bue 9454_0235_a.txt,Oe_1_Bu_9454_0235_a1-L117_02.txt,Oe_1_Bu_9454_0235_a2-L117_03.txt,29,47,29,18,0.53,1.0,0.94,v Triebenfeld,N. S[B?]. Ich habe Weigel noch dahin vermacht – daß er Grotowski angehen,
0274_Oe 1_Bue 9454_0237_a.txt,Oe_1_Bu_9454_0237_a1-L118a_02.txt,Oe_1_Bu_9454_0237_a2-L118b_01.txt,18,42,18,24,0.56,1.0,1.0,v Triebenfeld,Die Gräfin Schlabrendorff wird mit die 50000 Rthl bis Weinachten,
0277_Oe 1_Bue 9454_0240_a.txt,Oe_1_Bu_9454_0240_a1-L119_02.txt,Oe_1_Bu_9454_0240_a2-L120_01.txt,24,45,23,20,0.11,0.47,1.0,v Triebenfeld,120,check
0278_Oe 1_Bue 9454_0241_a.txt,Oe_1_Bu_9454_0241_a1-L120_02.txt,Oe_1_Bu_9454_0241_a2-L122_01.txt,15,30,16,14,0.01,0.82,1.0,v Triebenfeld,122,override
0285_Oe 1_Bue 9454_0247_a.txt,Oe_1_Bu_9454_0247_a1-L128_02.txt,Oe_1_Bu_9454_0247_a2-L128_03.txt,22,45,22,23,0.54,1.0,0.94,5. Wie ich mit diese Leute fertig bin werde ich an die Verabpachtung,"gehen. Jetzinger um Consorten sind hier ert, Ca[banis?]: durch Hülfe des",
0288_Oe 1_Bue 9454_0249_a.txt,Oe_1_Bu_9454_0249_a1-L129_02.txt,Oe_1_Bu_9454_0249_a2-L130_01.txt,16,34,16,17,0.7,1.0,1.0,v Triebenfeld,130,
0289_Oe 1_Bue 9454_0250_a.txt,Oe_1_Bu_9454_0250_a1-L130_02.txt,Oe_1_Bu_9454_0250_a2-L131_01.txt,19,39,19,19,0.56,1.0,1.0,v Triebenfeld,131,
0290_Oe 1_Bue 9454_0251_a.txt,Oe_1_Bu_9454_0251_a1-L131_02.txt,Oe_1_Bu_9454_0251_a2-L132_01.txt,14,36,14,21,0.58,1.0,1.0,v Triebenfeld,132,
0291_Oe 1_Bue 9454_0252_a.txt,Oe_1_Bu_9454_0252_a1-L132_02.txt,Oe_1_Bu_9454_0252_a2-L132_03.txt,22,39,22,16,0.58,1.0,0.94,Alter Zinsen und für Bier und Brandweg Urbar eine ewig,bestehende Vereine vom 12000 rt. und folglich einen Werth a 4 pct. von,
0293_Oe 1_Bue 9454_0254_a.txt,Oe_1_Bu_9454_0254_a1-L133_02.txt,Oe_1_Bu_9454_0254_a2-L133_03.txt,19,40,19,21,0.45,0.96,1.0,den Ausfall Eviction leiste -,Ferner will ich selbst ſehen ob das Darlehn von der Invaliden,
0297_Oe 1_Bue 9454_0257_a.txt,Oe_1_Bu_9454_0257_a1-L134_02.txt,Oe_1_Bu_9454_0257_a2-L134_03.txt,18,38,18,20,0.62,1.0,1.0,Brut gerechnet und die Zeit so höchst strafbar vertrödelt hat,"Gott ist mein Zeuge, daß ich vor Kummer nicht schlafen kan. Man innigst",
0300_Oe 1_Bue 9454_0259_a.txt,Oe_1_Bu_9454_0259_a1-L134_06.txt,Oe_1_Bu_9454_0259_a2-L134_07.txt,22,43,22,21,0.51,1.0,0.93,was ist doch ein Mensch ohne wahres Ehegefühl?,O hätte doch nur der unvernünftige Mensch nicht zum aller,
0303_Oe 1_Bue 9454_0261_a.txt,Oe_1_Bu_9454_0261_a1-L135_02.txt,Oe_1_Bu_9454_0261_a2-L135_03.txt,30,38,30,8,0.61,1.0,0.97,in Golden Adler d Plaz No 32.,"Ewr HochEdelgeborn Remiliere ich beigebogen, sämtl. Pappium des mir angetragen",
0305_Oe 1_Bue 9454_0263_a.txt,Oe_1_Bu_9454_0263_a1-L136_02.txt,Oe_1_Bu_9454_0263_a2-L136_03.txt,19,39,19,20,0.51,1.0,1.0,der bleibt 3 Wochen da und soll ihm stets den Kolzig erinnern,damit es nicht übersehen wird.,
0308_Oe 1_Bue 9454_0265_a.txt,Oe_1_Bu_9454_0265_a1-L136_06.txt,Oe_1_Bu_9454_0265_a2-L136_07.txt,20,39,20,19,0.62,1.0,1.0,versorgen. Diese Gründe betragen an 400 Hufen,die Leute sollen zwischen den 14 und 18 d. M. sicher eintreffen. Ich habe,
0311_Oe 1_Bue 9454_0267_a.txt,Oe_1_Bu_9454_0267_a1-L136_10.txt,Oe_1_Bu_9454_0267_a2-L136_11.txt,18,36,18,18,0.57,1.0,1.0,da nur Ewr Durchlaucht es expresse gesagt - ihm solidi,"zu behandeln, ihn auch kein Wort sagen. Aber dies verdenken mich",
0314_Oe 1_Bue 9454_0269_a.txt,Oe_1_Bu_9454_0269_a1-L137_02.txt,Oe_1_Bu_9454_0269_a2-L137_03.txt,17,33,17,16,0.59,1.0,1.0,Schlabrendorff zurück kehre wolle so habe sich dies von,selbst. Jedes solte die Erbpacht vorteilhaft ausgemittelt werden,
0318_Oe 1_Bue 9454_0273_a.txt,Oe_1_Bu_9454_0273_a1-L139_02.txt,Oe_1_Bu_9454_0273_a2-L139_03.txt,20,40,20,20,0.6,1.0,1.0,und alles so eingeleitet – kurz einer weißt es auf den,Andern - wie ich aber sehe sind alle gleich viel schutzlich,
0321_Oe 1_Bue 9454_0275_a.txt,Oe_1_Bu_9454_0275_a1-L140_02.txt,Oe_1_Bu_9454_0275_a2-L140_03.txt,24,46,24,22,0.51,1.0,0.98,Geld dafür dringen würde.,beigehendes Schreiben des v Bornstaedt sub d aber beweis daß Glenck mir belogen und,
0324_Oe 1_Bue 9454_0277_a.txt,Oe_1_Bu_9454_0277_a1-L140_06.txt,Oe_1_Bu_9454_0277_a2-L140_07.txt,22,45,22,23,0.58,0.99,1.0,hier nun alle wie die Närren – Es ist mehr als zu arg,was sich diese Menschen erlauben -,
0326_Oe 1_Bue 9454_0279_a.txt,Oe_1_Bu_9454_0279_a1-L141_02.txt,Oe_1_Bu_9454_0279_a2-L142_01.txt,24,46,24,21,0.6,1.0,0.98,v Triebenfeld,142,
0327_Oe 1_Bue 9454_0280_a.txt,Oe_1_Bu_9454_0280_a1-L142_02.txt,Oe_1_Bu_9454_0280_a2-L143_01.txt,11,22,11,10,0.59,1.0,1.0,v Triebenfeld,143,
0328_Oe 1_Bue 9454_0281_a.txt,Oe_1_Bu_9454_0281_a1-L143_02.txt,Oe_1_Bu_9454_0281_a2-L144_01.txt,11,28,11,16,0.23,1.0,0.96,Amelang,144,check
0330_Oe 1_Bue 9454_0283_a.txt,Oe_1_Bu_9454_0283_a1-L145_02.txt,Oe_1_Bu_9454_0283_a2-L146_01.txt,16,39,16,22,0.51,1.0,1.0,v Triebenfeld,146,
0331_Oe 1_Bue 9454_0284_a.txt,Oe_1_Bu_9454_0284_a1-L146_02.txt,Oe_1_Bu_9454_0284_a2-L146_03.txt,21,43,21,23,0.59,1.0,1.0,"gnädigst zu übermachen, damit die Sache aufs reine könt¬",Die Dismembration wird auf alle Fälle glücklich beendigt werden,
0334_Oe 1_Bue 9454_0286_a.txt,Oe_1_Bu_9454_0286_a1-L147_02.txt,Oe_1_Bu_9454_0286_a2-L147_03.txt,19,40,19,21,0.67,1.0,1.0,v Triebenfeld,"Den Augenblick war Glenck hier. Er macht mir gröblich vorwürfe,",
0337_Oe 1_Bue 9454_0289_a.txt,Oe_1_Bu_9454_0289_a1-L149_02.txt,Oe_1_Bu_9454_0289_a2-L149_03.txt,21,43,21,23,0.6,1.0,1.0,"nach Zagorowo geschickt wo sie den Bürgern arbeiten müßen, und wofür",sich der Meyer pro Person / deren 18. sind / täglich 4 gg. bezahlen laßen.,
0340_Oe 1_Bue 9454_0291_a.txt,Oe_1_Bu_9454_0291_a1-L151_02.txt,Oe_1_Bu_9454_0291_a2-L151_03.txt,22,43,23,21,0.55,0.91,1.0,"Flächen Inhalt, wann der Morgen a 1 rt. gerechnet wäre 2958 rt. betragen sollen.",Dies sind indeß Sachen die sich nun nicht mehr ändern laßen - ich inzwischen,
0342_Oe 1_Bue 9454_0293_a.txt,Oe_1_Bu_9454_0293_a1-L152_02.txt,Oe_1_Bu_9454_0293_a2-L153_01.txt,18,41,17,22,0.24,0.5,1.0,v Triebenfeld,153,check
0344_Oe 1_Bue 9454_0295_a.txt,Oe_1_Bu_9454_0295_a1-L154_02.txt,Oe_1_Bu_9454_0295_a2-L155_01.txt,27,43,27,16,0.71,1.0,1.0,v Triebenfeld,155,
0345_Oe 1_Bue 9454_0296_a.txt,Oe_1_Bu_9454_0296_a1-L155_02.txt,Oe_1_Bu_9454_0296_a2-L156_01.txt,20,38,20,17,0.65,1.0,1.0,A: Hahn,156,
0346_Oe 1_Bue 9454_0297_a.txt,Oe_1_Bu_9454_0297_a1-L156_02.txt,Oe_1_Bu_9454_0297_a2-L156_03.txt,19,43,19,24,0.54,1.0,1.0,zu bereuen haben.,156 a),
0349_Oe 1_Bue 9454_0300_a.txt,Oe_1_Bu_9454_0300_a1-L157_02.txt,Oe_1_Bu_9454_0300_a2-L158_01.txt,26,45,26,19,0.51,1.0,1.0,v Triebenfeld,158,
0350_Oe 1_Bue 9454_0301_a.txt,Oe_1_Bu_9454_0301_a1-L158_02.txt,Oe_1_Bu_9454_0301_a2-L158_03.txt,21,43,21,22,0.6,1.0,0.98,Seebald Klage und die proxenetica zurück forden solte;,Die Bironſche Sache hat allen Frucht und Schrecken eingepagt -,
0351_Oe 1_Bue 9454_0302_a.txt,Oe_1_Bu_9454_0302_a1-L158_04.txt,Oe_1_Bu_9454_0302_a2-L159_01.txt,25,49,25,23,0.44,1.0,1.0,v Triebenfeld,159,
0353_Oe 1_Bue 9454_0304_a.txt,Oe_1_Bu_9454_0304_a1-L160_02.txt,Oe_1_Bu_9454_0304_a2-L161_01.txt,27,45,27,17,0.59,1.0,1.0,v Triebenfeld,161,
0354_Oe 1_Bue 9454_0305_a.txt,Oe_1_Bu_9454_0305_a1-L161_02.txt,Oe_1_Bu_9454_0305_a2-L162_01.txt,16,36,16,20,0.04,0.24,1.0,Amelang,162,check
0355_Oe 1_Bue 9454_0306_a.txt,Oe_1_Bu_9454_0306_a1-L162_02.txt,Oe_1_Bu_9454_0306_a2-L162_03.txt,20,48,21,28,0.57,1.0,1.0,"ich alles für ihm gethan, ward mir nicht schwer zu führen",und wir einigte uns wieder,
0357_Oe 1_Bue 9454_0308_a.txt,Oe_1_Bu_9454_0308_a1-L163_02.txt,Oe_1_Bu_9454_0308_a2-L163_03.txt,21,43,21,22,0.59,1.0,1.0,gersohns das Gut Wittow kaufen; Er bietet aber nicht nicht mehr als,2000 Rthl die er gleich baar auszuzahlen verspricht - dabey würde den,
0360_Oe 1_Bue 9454_0310_a.txt,Oe_1_Bu_9454_0310_a1-L164_02.txt,Oe_1_Bu_9454_0310_a2-L164_03.txt,23,46,23,23,0.53,1.0,1.0,Mit dem Olesnicer Kerls wird sich alles sehr Gemach beheben.,Schon längst ist bei hiesigen Cammern / wovon ich aber so wahr Gott lebt,
0363_Oe 1_Bue 9454_0312_a.txt,Oe_1_Bu_9454_0312_a1-L165_02.txt,Oe_1_Bu_9454_0312_a2-L166_01.txt,17,37,17,19,0.53,1.0,1.0,A. Hahn,166,
0364_Oe 1_Bue 9454_0313_a.txt,Oe_1_Bu_9454_0313_a1-L166_02.txt,Oe_1_Bu_9454_0313_a2-L166_03.txt,23,46,23,23,0.63,1.0,1.0,ausmitteln. Dies wird nun die Cammer bestätigen und das,finanz Departement unß es Concessioniren - Sobald ich diese Urkunde,
0367_Oe 1_Bue 9454_0315_a.txt,Oe_1_Bu_9454_0315_a1-L167_02.txt,Oe_1_Bu_9454_0315_a2-L168_01.txt,11,32,11,20,0.67,1.0,1.0,ist ohnfehlbar d 25ten bestimmt!,168,
0368_Oe 1_Bue 9454_0316_a.txt,Oe_1_Bu_9454_0316_a1-L168_02.txt,Oe_1_Bu_9454_0316_a2-L168_03.txt,24,48,25,32,0.27,0.68,0.88,noch Ende finden – So haben zum Beispiel die,Winnickischen Erben dermalen wieder 1300 Rthl,check
0371_Oe 1_Bue 9454_0318_a.txt,Oe_1_Bu_9454_0318_a1-L169_02.txt,Oe_1_Bu_9454_0318_a2-L169_03.txt,22,43,22,24,0.53,1.0,0.97,ist um Olesnica den aufs neue nach den Sinn der Kammer,Vererbpachte noch wieder 8 bis 10000 rt nehmen und da den Canon,
0374_Oe 1_Bue 9454_0320_a.txt,Oe_1_Bu_9454_0320_a1-L170_02.txt,Oe_1_Bu_9454_0320_a2-L171_01.txt,21,36,21,14,0.3,1.0,1.0,A. Hahn,171,
0375_Oe 1_Bue 9454_0321_a.txt,Oe_1_Bu_9454_0321_a1-L171_02.txt,Oe_1_Bu_9454_0321_a2-L172_01.txt,18,39,18,20,0.62,1.0,1.0,A. Hahn,172,
0376_Oe 1_Bue 9454_0322_a.txt,Oe_1_Bu_9454_0322_a1-L172_02.txt,Oe_1_Bu_9454_0322_a2-L172_03.txt,23,34,23,11,0.58,0.97,1.0,Revenuen sind stets aufgerieben und kein Mensch ist bezahlt worden.,durch diese Fuhre geruhen Ewr Durchlaucht die 6 Tische und 30 Stück,
0378_Oe 1_Bue 9454_0324_a.txt,Oe_1_Bu_9454_0324_a1-L173_02.txt,Oe_1_Bu_9454_0324_a2-L173_03.txt,21,44,23,23,0.51,0.91,1.0,Mit dieses Summschen[?] kan den doch mancher Beer gelöset und wie ich rechne,alles applarirt werden. Freilich werde ich noch manche schlaflose Nacht und,
0381_Oe 1_Bue 9454_0326_a.txt,Oe_1_Bu_9454_0326_a1-L174_02.txt,Oe_1_Bu_9454_0326_a2-L174_03.txt,22,52,22,30,0.55,0.98,1.0,"Savoir faire und große Einflus, daß er die Sache der Art","leiten wurde, daß man bey so großer Sicherheit mit der Land",
0383_Oe 1_Bue 9454_0328_a.txt,Oe_1_Bu_9454_0328_a1-L175_02.txt,Oe_1_Bu_9454_0328_a2-L176_01.txt,7,21,7,14,0.3,0.86,1.0,A. Hahn,176,
0384_Oe 1_Bue 9454_0329_a.txt,Oe_1_Bu_9454_0329_a1-L176_02.txt,Oe_1_Bu_9454_0329_a2-L176_03.txt,16,32,16,16,0.57,1.0,1.0,fingischen Besitz-Ergreifungs Patente-,"angeschlagen, auch da, wo man sich von der gegen¬",
0387_Oe 1_Bue 9454_0331_a.txt,Oe_1_Bu_9454_0331_a1-L177_02.txt,Oe_1_Bu_9454_0331_a2-L177_03.txt,24,40,24,15,0.57,0.96,1.0,war als ich sie nennen hörte. Geld Marschall Mollendorf soll Haus,benennung der neuen Dörfer die durch die Dis¬,
0389_Oe 1_Bue 9454_0333_a.txt,Oe_1_Bu_9454_0333_a1-L177_05.txt,Oe_1_Bu_9454_0333_a2-L177_06.txt,22,30,23,7,0.58,0.98,0.95,aller Revenuen zurück erhielte den glaube wird es wohl,"das Beste sein, daß man noch 150000 rth zusamen 30000 rt von der Invaliden",
0392_Oe 1_Bue 9454_0336_a.txt,Oe_1_Bu_9454_0336_a1-L178_02.txt,Oe_1_Bu_9454_0336_a2-L179_01.txt,13,36,13,22,0.63,1.0,1.0,A: Hahn,179,
0393_Oe 1_Bue 9454_0337_a.txt,Oe_1_Bu_9454_0337_a1-L179_02.txt,Oe_1_Bu_9454_0337_a2-L179_03.txt,25,47,26,22,0.61,1.0,0.98,Ich habe desfals unter meinen Nahmen wie die Beilage,"Sub Litt C. zeigt schreiben wollen, und zwar umsomehr da der",
0396_Oe 1_Bue 9454_0339_a.txt,Oe_1_Bu_9454_0339_a1-L179_06.txt,Oe_1_Bu_9454_0339_a2-L179_07.txt,25,53,26,28,0.58,0.99,1.0,Überden ist es auch wieder reichtlich einen bürgerlichen jezt Dominial,Rechte einzuräumen. Es ist das nach einer neuen Cabinets Ordre durchaus,
0401_Oe 1_Bue 9454_0343_a.txt,Oe_1_Bu_9454_0343_a1-L179a_04.txt,Oe_1_Bu_9454_0343_a2-L179a_05.txt,30,37,30,6,0.08,0.2,0.96,v Triebenfeld,D.,override
0405_Oe 1_Bue 9454_0347_a.txt,Oe_1_Bu_9454_0347_a1-L180_02.txt,Oe_1_Bu_9454_0347_a2-L182_01.txt,29,51,29,22,0.42,1.0,1.0,v Triebenfeld,182,
0406_Oe 1_Bue 9454_0348_a.txt,Oe_1_Bu_9454_0348_a1-L182_02.txt,Oe_1_Bu_9454_0348_a2-L182_03.txt,21,42,21,21,0.4,1.0,1.0,da müste den eine geringere Summa eingeschaltet werden,Die sehr große Entfernung von Ewr Durchlaucht erschwere,
0410_Oe 1_Bue 9454_0351_a.txt,Oe_1_Bu_9454_0351_a1-L184_02.txt,Oe_1_Bu_9454_0351_a2-L185_01.txt,16,50,16,33,0.64,1.0,1.0,A: Hahn,185,
0413_Oe 1_Bue 9454_0353_a.txt,Oe_1_Bu_9454_0353_a1-L187_02.txt,Oe_1_Bu_9454_0353_a2-L187_03.txt,21,48,24,27,0.64,1.0,1.0,ich den Wicht bekannt gemacht hatte daß Sr Majestät die Betscher,Verabpachtung genehmiget und alle Schwierigkeiten dergestalt behoben hätte.,check
0415_Oe 1_Bue 9454_0355_a.txt,Oe_1_Bu_9454_0355_a1-L188_02.txt,Oe_1_Bu_9454_0355_a2-L188_03.txt,20,36,20,16,0.56,1.0,1.0,"Grattenauer ist eine faule falsche Bestie - Er thut nichts,","und ſizt jezt fortwährend bey dem Minister, der ihm wie ich",
0417_Oe 1_Bue 9454_0357_a.txt,Oe_1_Bu_9454_0357_a1-L189_02.txt,Oe_1_Bu_9454_0357_a2-L189_03.txt,16,31,16,16,0.37,1.0,0.75,"Koschentin wirdmal zu thun geben,",denn wie man remnimmt[?] liegt alles dort nicht,
0419_Oe 1_Bue 9454_0359_a.txt,Oe_1_Bu_9454_0359_a1-L190_02.txt,Oe_1_Bu_9454_0359_a2-L190_03.txt,17,39,17,23,0.49,1.0,1.0,die vielleicht nöthigen Bedingungen,"Auszug, aus dem Schreiben des Glencks",
0420_Oe 1_Bue 9454_0360_a.txt,Oe_1_Bu_9454_0360_a1-L190_04.txt,Oe_1_Bu_9454_0360_a2-L190_05.txt,8,25,8,17,0.49,0.94,1.0,kam. Meine Familie bedarf diesen Schutz p,"zu einem Arrangement abermals aus, wie es",
0422_Oe 1_Bue 9454_0362_a.txt,Oe_1_Bu_9454_0362_a1-L191_02.txt,Oe_1_Bu_9454_0362_a2-L191_03.txt,29,57,29,33,0.56,1.0,1.0,"desto größere Rechnung zu machen sich befugt glaubten, wieder",ihre ehemaligen Gründe zugeeignert und solche beſalt und dadurch die,
0425_Oe 1_Bue 9454_0364_a.txt,Oe_1_Bu_9454_0364_a1-L191_06.txt,Oe_1_Bu_9454_0364_a2-L191_07.txt,29,61,30,32,0.54,1.0,0.95,"ward begonnen und glücklich vollendet, nur Schend blieb auf halben wegen",liegen und substituirte einen gewißen Ogrodowitz. Vieleicht crepirt die Canaille,
0428_Oe 1_Bue 9454_0366_a.txt,Oe_1_Bu_9454_0366_a1-L191_10.txt,Oe_1_Bu_9454_0366_a2-L191_11.txt,29,62,29,32,0.56,1.0,0.99,Mir ist um dieses Menschen willen die Sache hier höchst unangenehm,Was die Einkünfte und die Summen Anbetrift die,
0430_Oe 1_Bue 9454_0368_a.txt,Oe_1_Bu_9454_0368_a1-L192_02.txt,Oe_1_Bu_9454_0368_a2-L192_03.txt,33,46,31,13,0.49,1.0,1.0,v Triebenfeld,den Olesnicer Schluzbuben hat er freilich Atteste gegeben und ihre Sache unterstehen,
0432_Oe 1_Bue 9454_0370_a.txt,Oe_1_Bu_9454_0370_a1-L193_02.txt,Oe_1_Bu_9454_0370_a2-L194_01.txt,17,41,17,24,0.58,1.0,1.0,v Triebenfeld,194,
0433_Oe 1_Bue 9454_0371_a.txt,Oe_1_Bu_9454_0371_a1-L194_02.txt,Oe_1_Bu_9454_0371_a2-L195_01.txt,19,43,20,23,0.58,1.0,1.0,v Triebenfeld,195,
0434_Oe 1_Bue 9454_0372_a.txt,Oe_1_Bu_9454_0372_a1-L195_02.txt,Oe_1_Bu_9454_0372_a2-L196_01.txt,28,47,28,18,0.54,1.0,1.0,v Triebenfeld,196,
0435_Oe 1_Bue 9454_0373_a.txt,Oe_1_Bu_9454_0373_a1-L196_02.txt,Oe_1_Bu_9454_0373_a2-L196_03.txt,20,48,20,27,0.55,1.0,1.0,"beherziget und bereits den Entschluß gefaßt haben, sofort",15000 Mann gehen zu laßen. Merkel hat schon desfals im,
0437_Oe 1_Bue 9454_0375_a.txt,Oe_1_Bu_9454_0375_a1-L197_02.txt,Oe_1_Bu_9454_0375_a2-L197_03.txt,9,23,9,14,0.67,1.0,1.0,v Triebenfeld,"da lese ich eben ein Schreiben des Geheimen Raths Tismar, der jezt der Busen Freund",
0439_Oe 1_Bue 9454_0377_a.txt,Oe_1_Bu_9454_0377_a1-L198_02.txt,Oe_1_Bu_9454_0377_a2-L198_03.txt,26,65,28,36,0.51,1.0,0.99,"wollen, der König habe nichts geantwortet - ich vermuthe Reibnitz",oder Rückel des Reibnises Protector - Hienach hat der König gesagt -,
0442_Oe 1_Bue 9454_0380_a.txt,Oe_1_Bu_9454_0380_a1-L200_02.txt,Oe_1_Bu_9454_0380_a2-L201_01.txt,29,60,29,30,0.13,1.0,1.0,v Triebenfeld,201,check
0449_Oe 1_Bue 9454_0386_a.txt,Oe_1_Bu_9454_0386_a1-L205_02.txt,Oe_1_Bu_9454_0386_a2-L205_03.txt,28,42,29,13,0.59,1.0,1.0,sind pure Schein Freunde - also sehen die Sich vor - ich bitte Sie besser,Fürst herzigst darum — Für mich ist mehr als Gift Dolch und Hollen fein Ihnen,
0451_Oe 1_Bue 9454_0388_a.txt,Oe_1_Bu_9454_0388_a1-L206_02.txt,Oe_1_Bu_9454_0388_a2-L206_03.txt,23,36,23,13,0.57,1.0,1.0,und dorten einem Pohlnischen Rechts freund von der Praefectur erbitten,"auch den Ober Amtman Hegener zu ziehen, diese alles verfigiren",
0457_Oe 1_Bue 9454_0393_a.txt,Oe_1_Bu_9454_0393_a1-L210_02.txt,Oe_1_Bu_9454_0393_a2-L210_03.txt,23,46,26,23,0.56,1.0,1.0,"und nun sind sie Matt - Unglücklicher Weise aber habe, die Kerls nichts",und das Geld ist verlohren — jezt ist es gelungen daß sich etliche Pohlnische,check
0461_Oe 1_Bue 9454_0396_a.txt,Oe_1_Bu_9454_0396_a1-L212_02.txt,Oe_1_Bu_9454_0396_a2-L212_03.txt,21,45,22,29,0.54,0.98,1.0,und Napoleon - die Güter sind nach den Tilsitter frieden,"fardurchlaucht antrißen, und müßen Ihnen absolut wieder",
0464_Oe 1_Bue 9454_0398_a.txt,Oe_1_Bu_9454_0398_a1-L213_02.txt,Oe_1_Bu_9454_0398_a2-L213_03.txt,31,66,36,40,0.6,0.96,0.99,"fallen wird, rembousiren -",6. mit Berda der ein Geist Privilegium hat nach welchen er nur 23 Morgen,check
0467_Oe 1_Bue 9454_0400_a.txt,Oe_1_Bu_9454_0400_a1-L214_02.txt,Oe_1_Bu_9454_0400_a2-L214_03.txt,24,50,24,26,0.6,1.0,0.97,"sagte sich den 25ten 9br deßelben Jahres selbst los, und er konte mir",nur für 8 Monath sein Gehalt fordern - das betrug 400 rt. - Er hat aber nach,
0470_Oe 1_Bue 9454_0402_a.txt,Oe_1_Bu_9454_0402_a1-L215_02.txt,Oe_1_Bu_9454_0402_a2-L215_03.txt,35,73,35,38,0.48,1.0,1.0,"sagen läst, daß sobald das Decret oder Urtel wegen","Trąbczyn, da sey ich auch so findt auf Schaden Ersam",
0471_Oe 1_Bue 9454_0403_a.txt,Oe_1_Bu_9454_0403_a1-L215_04.txt,Oe_1_Bu_9454_0403_a2-L215_05.txt,36,74,39,38,0.56,0.97,0.98,genau kenne / ihre Interessen ziehen gemeint waren,Wegen Wyttow habe ich durch der Schlieffen einen Prozess,check
0472_Oe 1_Bue 9454_0404_a.txt,Oe_1_Bu_9454_0404_a1-L215_06.txt,Oe_1_Bu_9454_0404_a2-L215_07.txt,33,64,33,31,0.55,1.0,1.0,zu beseitigen vermögte.,Jezt da Gott vom allen seites hülfe sendet werde ich,
0475_Oe 1_Bue 9454_0406_a.txt,Oe_1_Bu_9454_0406_a1-L216_02.txt,Oe_1_Bu_9454_0406_a2-L216_03.txt,23,35,23,11,0.57,1.0,0.95,selbst zu schreiben. Den ich kan da ich mit dem Bösewicht,"im Prozeß stehe jezt keine Befehle, welche den Dienst angehen",
0477_Oe 1_Bue 9454_0408_a.txt,Oe_1_Bu_9454_0408_a1-L217_02.txt,Oe_1_Bu_9454_0408_a2-L217_03.txt,22,43,22,21,0.48,1.0,1.0,"gelaßen, und werde sehen in wie weit","der Französische hiesige Gesente, sich dieser Sachen",
0480_Oe 1_Bue 9454_0410_a.txt,Oe_1_Bu_9454_0410_a1-L218_02.txt,Oe_1_Bu_9454_0410_a2-L218_03.txt,21,44,21,23,0.59,0.99,0.98,"trieben werden muß, weil Wartensleben schon seit einiger Zeit mit dem",Medizinal Rath Gumperts in Unterhandlung steht.,
0484_Oe 1_Bue 9454_0413_a.txt,Oe_1_Bu_9454_0413_a1-L220_02.txt,Oe_1_Bu_9454_0413_a2-L220_03.txt,22,34,27,12,0.16,0.65,1.0,wann zur Aufmunterung im tausch Handel mit auf der,Übrigens mein Wartensleben noch kein Wort was das für Güter sein die,check
0488_Oe 1_Bue 9454_0417_a.txt,Oe_1_Bu_9454_0417_a1-L222_02.txt,Oe_1_Bu_9454_0417_a2-L222_03.txt,12,34,12,22,0.65,1.0,1.0,v Triebenfeld,P[ro]. M[emoria].,
0491_Oe 1_Bue 9454_0419_a.txt,Oe_1_Bu_9454_0419_a1-L223_02.txt,Oe_1_Bu_9454_0419_a2-L223_03.txt,30,62,31,32,0.5,1.0,1.0,"undankbar zu seyn, noch Ihre Verlegenheiten","vermehren will, so danke ich inzwischen Ew Hochwohlge¬",
0492_Oe 1_Bue 9454_0420_a.txt,Oe_1_Bu_9454_0420_a1-L223_04.txt,Oe_1_Bu_9454_0420_a2-L223_05.txt,30,62,31,32,0.55,1.0,0.97,"Pfandbriefen, und so wie mir der älteste Sohn der","Pittmeister äußerte, wol dieser sume wol 100000 rt die Gelde",
0493_Oe 1_Bue 9454_0421_a.txt,Oe_1_Bu_9454_0421_a1-L223_06.txt,Oe_1_Bu_9454_0421_a2-L223_07.txt,30,61,30,31,0.56,1.0,1.0,so bald der Tag zu seiner Absendung nur bestimmt wird,"welches ich schon heute erwarte, und Ihren Boten dahero nach",
0497_Oe 1_Bue 9454_0424_a.txt,Oe_1_Bu_9454_0424_a1-L224_02.txt,Oe_1_Bu_9454_0424_a2-L224_03.txt,30,61,30,31,0.53,1.0,0.95,dahin instruirt und wird er mit voller Kraft bei,seiner Anwesenheit in Sel[u?]ze dahin zu wirken bemüht,
0500_Oe 1_Bue 9454_0426_a.txt,Oe_1_Bu_9454_0426_a1-L226_02.txt,Oe_1_Bu_9454_0426_a2-L226_03.txt,21,43,21,22,0.6,1.0,1.0,ste Noth gelitten - die Einregistrirung der Prozeße sind,"gemacht, ich habe Himmel und Hölle aufgeboten die Sachen auf den Gerichts",
0503_Oe 1_Bue 9454_0428_a.txt,Oe_1_Bu_9454_0428_a1-L227_02.txt,Oe_1_Bu_9454_0428_a2-L227_03.txt,22,42,26,20,0.58,1.0,1.0,"Der Herr Prefect von Brzechsta ist jezt so gut und nimmt sich, da","Der Podsedek [G?]ukarski sein Freund, uns aber stets entgegen gewe¬",check
0508_Oe 1_Bue 9454_0432_a.txt,Oe_1_Bu_9454_0432_a1-L229_02.txt,Oe_1_Bu_9454_0432_a2-L230_01.txt,23,51,23,27,0.64,1.0,1.0,v Triebenfeld,230,
0509_Oe 1_Bue 9454_0433_a.txt,Oe_1_Bu_9454_0433_a1-L230_02.txt,Oe_1_Bu_9454_0433_a2-L230_03.txt,26,55,26,29,0.52,1.0,1.0,"nur zu sehen, und es würde mich sehr schmerzen",Ew. werden also aus dieser Lage der Dinge sich selbst,
0510_Oe 1_Bue 9454_0434_a.txt,Oe_1_Bu_9454_0434_a1-L230_04.txt,Oe_1_Bu_9454_0434_a2-L230_05.txt,28,33,28,5,0.59,1.0,1.0,zu Regulirung meines Schuldenwesens erbetene Commission,wenn meine Hoffnungen darüber unerfüllt blieben.,
0513_Oe 1_Bue 9454_0437_a.txt,Oe_1_Bu_9454_0437_a1-L232_02.txt,Oe_1_Bu_9454_0437_a2-L232_03.txt,22,45,23,24,0.47,0.95,0.88,unterdes wird auch der Prozeß mit Meierowitz,"entschieden, fält der wovon nicht zu zweifel ist günstig",
0516_Oe 1_Bue 9454_0439_a.txt,Oe_1_Bu_9454_0439_a1-L233_02.txt,Oe_1_Bu_9454_0439_a2-L233_03.txt,24,45,24,21,0.57,1.0,1.0,wirthschaft heraus bringt — ich werde ihm sagen,"daß er sagte, da er hinter der Bayonner Summe stände",
0519_Oe 1_Bue 9454_0441_a.txt,Oe_1_Bu_9454_0441_a1-L234_02.txt,Oe_1_Bu_9454_0441_a2-L234_03.txt,20,40,20,20,0.52,1.0,1.0,"jezt darauf dringen, daß es aus dem großen",Nachlaß bezahlt werden soll – daß einzige wäre,
0522_Oe 1_Bue 9454_0443_a.txt,Oe_1_Bu_9454_0443_a1-L235_02.txt,Oe_1_Bu_9454_0443_a2-L236_01.txt,23,43,23,19,0.41,1.0,1.0,v Triebenfeld,236,
0523_Oe 1_Bue 9454_0444_a.txt,Oe_1_Bu_9454_0444_a1-L236_02.txt,Oe_1_Bu_9454_0444_a2-L237_01.txt,25,44,25,18,0.42,1.0,1.0,v Triebenfeld,237,
0524_Oe 1_Bue 9454_0445_a.txt,Oe_1_Bu_9454_0445_a1-L237_02.txt,Oe_1_Bu_9454_0445_a2-L238_01.txt,12,37,12,24,0.73,1.0,1.0,v Triebenfeld,238,
0525_Oe 1_Bue 9454_0446_a.txt,Oe_1_Bu_9454_0446_a1-L238_02.txt,Oe_1_Bu_9454_0446_a2-L238_03.txt,24,47,24,23,0.54,1.0,1.0,"Creditoren kräftig beizurücken, und die Bestimmung einer","einer billigen Competenz vor mich zu begünstigen, es",
0528_Oe 1_Bue 9454_0448_a.txt,Oe_1_Bu_9454_0448_a1-L239_02.txt,Oe_1_Bu_9454_0448_a2-L240_01.txt,23,51,23,27,0.42,1.0,1.0,v Triebenfeld,240,
0529_Oe 1_Bue 9454_0449_a.txt,Oe_1_Bu_9454_0449_a1-L240_02.txt,Oe_1_Bu_9454_0449_a2-L241_01.txt,21,41,21,19,0.52,1.0,1.0,v Triebenfeld,241,
0530_Oe 1_Bue 9454_0450_a.txt,Oe_1_Bu_9454_0450_a1-L241_02.txt,Oe_1_Bu_9454_0450_a2-L242_01.txt,10,34,10,23,0.67,1.0,1.0,v Triebenfeld,242,
0534_Oe 1_Bue 9454_0453_a.txt,Oe_1_Bu_9454_0453_a1-L244_02.txt,Oe_1_Bu_9454_0453_a2-L244_03.txt,27,39,27,12,0.6,0.96,0.99,"jezt noch das, wird, wenn der Stats-Kanzler, F. Hardenberg einen Bericht wegen Cosmar","man das Brieger Ober Landes Gericht, besonders wegen des Aufzuhebenden Transaits vom 1811",
0538_Oe 1_Bue 9454_0457_a.txt,Oe_1_Bu_9454_0457_a1-L246_02.txt,Oe_1_Bu_9454_0457_a2-L247_01.txt,32,56,33,23,0.42,1.0,1.0,v Triebenfeld,247,
0539_Oe 1_Bue 9454_0458_a.txt,Oe_1_Bu_9454_0458_a1-L247_02.txt,Oe_1_Bu_9454_0458_a2-L247_03.txt,29,55,29,41,0.62,1.0,1.0,v Triebenfeld,[...]ich selbigen übergeben und wie eine Ewr Durch solche dictirt,
0541_Oe 1_Bue 9454_0460_a.txt,Oe_1_Bu_9454_0460_a1-L248_02.txt,Oe_1_Bu_9454_0460_a2-L248_03.txt,25,30,25,5,0.62,1.0,0.98,v Triebenfeld,"mann hat stets gesagt alle den Güter hatten der alten Fürstin Sacken gehört, und diese habe nur zu güsten",
0543_Oe 1_Bue 9454_0462_a.txt,Oe_1_Bu_9454_0462_a1-L249_02.txt,Oe_1_Bu_9454_0462_a2-L250_01.txt,24,41,24,16,0.21,1.0,0.97,v Triebenfeld,250,check
0547_Oe 1_Bue 9454_0465_a.txt,Oe_1_Bu_9454_0465_a1-L253_02.txt,Oe_1_Bu_9454_0465_a2-L254_01.txt,14,39,14,24,0.68,1.0,1.0,v Triebenfeld,254,
0548_Oe 1_Bue 9454_0466_a.txt,Oe_1_Bu_9454_0466_a1-L254_02.txt,Oe_1_Bu_9454_0466_a2-L254_03.txt,28,32,29,4,0.62,1.0,1.0,immer ein Langenhund und daher habe ich noch sehr wenig Menschen gesehen,254 a),
0553_Oe 1_Bue 9454_0471_a.txt,Oe_1_Bu_9454_0471_a1-L255_02.txt,Oe_1_Bu_9454_0471_a2-L256_01.txt,13,58,13,44,0.39,1.0,1.0,v Triebenfeld,256,
0559_Oe 1_Bue 9454_0475_a.txt,Oe_1_Bu_9454_0475_a1-L260_02.txt,Oe_1_Bu_9454_0475_a2-L260_03.txt,33,46,33,13,0.75,1.0,1.0,v Triebenfeld,260a),
0561_Oe 1_Bue 9454_0477_a.txt,Oe_1_Bu_9454_0477_a1-L261_02.txt,Oe_1_Bu_9454_0477_a2-L261_03.txt,18,31,18,13,0.58,1.0,1.0,v Triebenfeld,wir geht es schlecht - den da die Sache gut geht so wollen die Freunde auch gut freßen und,
0563_Oe 1_Bue 9454_0479_a.txt,Oe_1_Bu_9454_0479_a1-L262_02.txt,Oe_1_Bu_9454_0479_a2-L262_03.txt,26,45,28,19,0.58,1.0,0.94,v Triebenfeld,"Der K. von Würt[emberg] geht in ein paar Tage ab, sein Aussehen deutet auf der übelsten Laune -",
0565_Oe 1_Bue 9454_0481_a.txt,Oe_1_Bu_9454_0481_a1-L263_02.txt,Oe_1_Bu_9454_0481_a2-L264_01.txt,23,51,24,27,0.49,1.0,1.0,v Triebenfeld,264,
0566_Oe 1_Bue 9454_0482_a.txt,Oe_1_Bu_9454_0482_a1-L264_02.txt,Oe_1_Bu_9454_0482_a2-L264_03.txt,27,50,27,23,0.61,0.98,0.98,"Es ist eine Mitlein Einmahl handlet tausend rt. gefordert worden, da bekommen",Ewr Durchlaucht noch 38000 rt heraus ohne was man vieleicht noch an die Kapitals,
0570_Oe 1_Bue 9454_0486_a.txt,Oe_1_Bu_9454_0486_a1-L266_02.txt,Oe_1_Bu_9454_0486_a2-L267_01.txt,28,56,28,27,0.42,1.0,1.0,v Triebenfeld,267,
0571_Oe 1_Bue 9454_0487_a.txt,Oe_1_Bu_9454_0487_a1-L267_02.txt,Oe_1_Bu_9454_0487_a2-L268_01.txt,11,38,11,26,0.42,1.0,1.0,v Triebenfeld,268,
0572_Oe 1_Bue 9454_0488_a.txt,Oe_1_Bu_9454_0488_a1-L268_02.txt,Oe_1_Bu_9454_0488_a2-L268_03.txt,31,51,31,20,0.65,1.0,1.0,v Triebenfeld,268 a),
0574_Oe 1_Bue 9454_0490_a.txt,Oe_1_Bu_9454_0490_a1-L269_02.txt,Oe_1_Bu_9454_0490_a2-L269a_01.txt,20,56,19,34,0.35,0.77,1.0,v Triebenfeld,269 a),override
0576_Oe 1_Bue 9454_0492_a.txt,Oe_1_Bu_9454_0492_a1-L270_02.txt,Oe_1_Bu_9454_0492_a2-L270_03.txt,25,41,26,16,0.6,0.99,0.97,Die würksamste Person ist jezt hier die Dame welche Ewr,Durchlaucht einst dem F. August zur Gemahlin bestimmt hatten -,
0580_Oe 1_Bue 9454_0496_a.txt,Oe_1_Bu_9454_0496_a1-L272_02.txt,Oe_1_Bu_9454_0496_a2-L272_03.txt,21,42,21,21,0.64,1.0,1.0,des Wechsels vergleichen wollte. Der alber,ne H: v. Braun ist die Murzel alles bißferi¬,
0583_Oe 1_Bue 9454_0498_a.txt,Oe_1_Bu_9454_0498_a1-L273_02.txt,Oe_1_Bu_9454_0498_a2-L273_03.txt,29,57,29,28,0.55,0.94,1.0,sondern daß Ewr Durchlaucht dazu der Vorschuß von 112/m rt. geleistet werden soll,Ich mußte die Feeder weglegen —,
0586_Oe 1_Bue 9454_0500_a.txt,Oe_1_Bu_9454_0500_a1-L274_02.txt,Oe_1_Bu_9454_0500_a2-L274_03.txt,28,48,28,20,0.56,1.0,1.0,"niedergesagt worin der General Amstetten Präſidirt, gerne hätte ich",ſchon dorten die Sachen eingereicht – es iſt mir aber widerrathen — so,
0589_Oe 1_Bue 9454_0503_a.txt,Oe_1_Bu_9454_0503_a1-L276_02.txt,Oe_1_Bu_9454_0503_a2-L277_01.txt,34,62,35,28,0.66,1.0,1.0,v Triebenfeld,277,
0590_Oe 1_Bue 9454_0504_a.txt,Oe_1_Bu_9454_0504_a1-L277_02.txt,Oe_1_Bu_9454_0504_a2-L278_01.txt,29,54,28,23,0.11,0.51,1.0,v Triebenfeld,278,check
0591_Oe 1_Bue 9454_0505_a.txt,Oe_1_Bu_9454_0505_a1-L278_02.txt,Oe_1_Bu_9454_0505_a2-L278_03.txt,22,36,22,14,0.54,0.98,1.0,Reise noch Wien zu Motiviren. H. v. Triebenfeld,"wird sich sogleich zurecht finden, da Er das",
0593_Oe 1_Bue 9454_0507_a.txt,Oe_1_Bu_9454_0507_a1-L279_02.txt,Oe_1_Bu_9454_0507_a2-L280_01.txt,22,53,22,30,0.44,1.0,1.0,v Triebenfeld,280,
0594_Oe 1_Bue 9454_0508_a.txt,Oe_1_Bu_9454_0508_a1-L280_02.txt,Oe_1_Bu_9454_0508_a2-L280_03.txt,27,38,27,10,0.58,0.97,0.93,aber auch dies bezweifelt mann -,Die Sachen ſtehen sonderbare -,
0596_Oe 1_Bue 9454_0510_a.txt,Oe_1_Bu_9454_0510_a1-L281_02.txt,Oe_1_Bu_9454_0510_a2-L282_01.txt,31,63,32,31,0.57,1.0,1.0,v Triebenfeld,282,
0599_Oe 1_Bue 9454_0513_a.txt,Oe_1_Bu_9454_0513_a1-L283_02.txt,Oe_1_Bu_9454_0513_a2-L284_01.txt,11,43,10,41,0.14,0.44,1.0,Be[q/g?]uelin,284,check
0600_Oe 1_Bue 9454_0514_a.txt,Oe_1_Bu_9454_0514_a1-L284_02.txt,Oe_1_Bu_9454_0514_a2-L284_03.txt,28,64,31,32,0.56,0.99,0.96,sind raisonern amtes von unbegränzter Treue und Ergebenheit am König,"aufgeführt, Bonapartes Macht wird bis auf 8 bis 10/m Mann herab gesezt",check
0604_Oe 1_Bue 9454_0517_a.txt,Oe_1_Bu_9454_0517_a1-L286_02.txt,Oe_1_Bu_9454_0517_a2-L286_03.txt,29,75,29,63,0.6,1.0,1.0,v Triebenfeld,286 a),
0607_Oe 1_Bue 9454_0520_a.txt,Oe_1_Bu_9454_0520_a1-L287_02.txt,Oe_1_Bu_9454_0520_a2-L287_03.txt,29,57,29,29,0.6,0.99,1.0,"retiren müßten – der Wicht ist auf seinen Ehren Wort nach Bayreuth gegangen,","daß die Bürger Recht gehabt, hat sich nun bewährt und der König von Würtemberg",
0610_Oe 1_Bue 9454_0522_a.txt,Oe_1_Bu_9454_0522_a1-L288_02.txt,Oe_1_Bu_9454_0522_a2-L289_01.txt,31,86,30,54,0.66,1.0,1.0,v Triebenfeld,289,
0611_Oe 1_Bue 9454_0523_a.txt,Oe_1_Bu_9454_0523_a1-L289_02.txt,Oe_1_Bu_9454_0523_a2-L290_01.txt,38,71,38,29,0.55,1.0,1.0,in des H. Cabinets Rath Albrechts,290,
0612_Oe 1_Bue 9454_0524_a.txt,Oe_1_Bu_9454_0524_a1-L290_02.txt,Oe_1_Bu_9454_0524_a2-L291_01.txt,11,38,11,26,0.56,1.0,1.0,Sehr schlagen wäre es wenn Sie das nicht thäten.,291,
0613_Oe 1_Bue 9454_0525_a.txt,Oe_1_Bu_9454_0525_a1-L291_02.txt,Oe_1_Bu_9454_0525_a2-L292_01.txt,26,57,26,30,0.68,1.0,1.0,v Triebenfeld,292,
0614_Oe 1_Bue 9454_0526_a.txt,Oe_1_Bu_9454_0526_a1-L292_02.txt,Oe_1_Bu_9454_0526_a2-L292_03.txt,30,59,31,29,0.57,1.0,1.0,"darauf an, daß der König doch ehender seinen Unterthanen, als","Ausländer schätzen müße, Ich bewieß daß die Schuld allein",
0616_Oe 1_Bue 9454_0528_a.txt,Oe_1_Bu_9454_0528_a1-L294_02.txt,Oe_1_Bu_9454_0528_a2-L295_01.txt,15,35,15,19,0.6,0.85,0.96,[G/J?] Bisenti,295,
0617_Oe 1_Bue 9454_0529_a.txt,Oe_1_Bu_9454_0529_a1-L295_02.txt,Oe_1_Bu_9454_0529_a2-L295_03.txt,22,38,23,15,0.6,1.0,1.0,Schicksahl dieſes edlen Mannes iſt doch ſehr traurig. Er hat doch,"dem General Ch viel gethan — Er hat alles geopfert, und eine",
0621_Oe 1_Bue 9454_0533_a.txt,Oe_1_Bu_9454_0533_a1-L297_02.txt,Oe_1_Bu_9454_0533_a2-L297_03.txt,29,57,29,28,0.56,1.0,1.0,"Zerboni will, daß man ihm über alles Aufschluß verschaffen soll.","Schenck hat dies zugesagt, er weis aber recht wie dies bewürkt",
0624_Oe 1_Bue 9454_0535_a.txt,Oe_1_Bu_9454_0535_a1-L298_02.txt,Oe_1_Bu_9454_0535_a2-L299_01.txt,27,66,26,38,0.57,1.0,1.0,v Triebenfeld,299,
0625_Oe 1_Bue 9454_0536_a.txt,Oe_1_Bu_9454_0536_a1-L299_02.txt,Oe_1_Bu_9454_0536_a2-L299_03.txt,39,70,45,31,0.52,1.0,1.0,Vollmacht haben — Geruhen Ewr Durchlaucht mir doch ein Schreiben,"wie ich es in meinen leztern verlangte zu senden, damit ich ihm los werde",check
0633_Oe 1_Bue 9454_0543_a.txt,Oe_1_Bu_9454_0543_a1-L303_02.txt,Oe_1_Bu_9454_0543_a2-L303_03.txt,74,157,19,19,0.02,0.11,0.74,6,Continuatio,override
0634_Oe 1_Bue 9454_0544_a.txt,Oe_1_Bu_9454_0544_a1-L303_04.txt,Oe_1_Bu_9454_0544_a2-L303_05.txt,67,143,17,17,0.01,0.11,0.27,4.,Continuatio,override
0635_Oe 1_Bue 9454_0545_a.txt,Oe_1_Bu_9454_0545_a1-L303_06.txt,Oe_1_Bu_9454_0545_a2-L303_07.txt,42,86,15,15,0.02,0.22,0.15,"14060... 1044,910.25.",Continuatio,override
0636_Oe 1_Bue 9454_0546_a.txt,Oe_1_Bu_9454_0546_a1-L303_08.txt,Oe_1_Bu_9454_0546_a2-L303_09.txt,34,65,12,13,0.02,0.54,0.16,"17,874. "" "" 1,404,008. 3 9.",Continuation,override
