name,occurs_in,correct_form
Abmachung,L276 p2,
Albrechts,L289 p2,
Allbrecht,L6 p1; L52 p1,
Amstetten,L274 p2; L279 p1; L286 p1,
Aprilen,L6 p1,
Arsprügel,L72f p2,
Assessor,L36 p8,
Auditoriat,L92 p1,
Baden,L136 p10; L242 p2; L269 p2; L276 p2 (+1 more),
Baier,L247 p2,
Baieren,L268 p2,
Balke,L266 p1,
Banden,L191 p8; L254 p2; L294 p2,
Beamten,L268 p2,
Bertherand,L277 p2,
Besichtigung,L72 p1; L106 p2; L228 p2,
Bettelhunder,L63 p1,
Bettelung,L104 p2,
Bevollmäch,L30 p1,
Bevollmächtig,L24 p1,
Bevollmächtigster,L265b p1,
Bevollmächtigte,L31 p2,
Bevollmächtigten,L135 p1,
Beyhm,L77 p1; L79 p2; L79 p3; L96 p3,
Biskupski,L136 p5,
Blitz,L204 p1,
Bodagra,L301 p1,
Brafurt,L298 p2,
Brandenstein,L133 p2; L140 p2; L140 p3; L140 p4,
Brandreich,L262 p3,
Branzenis,L163 p4,
Braun,L272 p3,
Braunschweig,L177 p7,
Bredow,L25 p1,
Breiten,L61 p1; L177 p5; L277 p1,
Broniewskisch,L138 p1,
Bruders,L262 p2,
Bucholz,L25 p1,
Bukowiecki,L109 p2,
Burensprung,L77 p3,
Burge,L140 p2,
Burgrath,L165 p2,
Cabineto,L52 p1,
Chełmski,L75 p3; L286 p3,
Choma,L17 p1,
Cöln,L93 p1; L99 p3,
Contenz,L31 p2,
Cote,L23 p1,
Czarnetzki,L303 p1,
Dąbrowski,L136 p11; L164 p4,
Danckelmann,L57 p2,
Dannemord,L247 p2,
Decke,L42 p7,
Delitz,L303 p2,
Deresemberg,L247 p2,
Direction,L18 p2,
Doct,L182 p1,
Dolfs,L177 p2,
Dorville,L26 p1,
Eberhardt,L4 p2; L11 p1; L203 p2; L206 p2 (+7 more),
Eckart,L106 p1,
Eichendorff,L303 p9,
Einteilung,L95 p2,
Elme,L35 p1,
Emilie,L199 p1; L223 p8; L272 p3,
Empuch,L39 p1,
Erfurth,L41 p1; L41 p3,
Erheblichkeit,L195 p1,
Erloffeln,L65 p1,
Erreichung,L128 p2; L191 p8; L223 p2; L223 p8,
Erstern,L164 p3,
Färber,L42 p2,
Faudel,L182 p1,
Feannert,L303 p1,
Finans,L179 p1,
Finantz,L162 p2,
Fischbach,L203 p2,
Fleckrühren,L44 p2,
Flesch,L195 p1; L196 p1; L196 p3; L197 p1,
Franderichs,L284 p3,
Fricis,L290 p2,
Fried,L207 p1,
Friedr,L303 p8,
Frischling,L298 p2,
Fruth,L273 p1,
Fullenbaum,L270 p2,
Fürſte,L286 p3,
Furstin,L74c p1,
Geistes,L33 p3,
Gemahlen,L2 p4,
Generalin,L27 p1,
Genl,L20 p3; L53 p1,
Gewerner,L241 p1,
Glinicki,L179a p1,
Gneiz,L241 p1,
Gneizenau,L239 p2; L241 p1,
Gniesenau,L59 p4,
Goeschel,L267 p1,
Göschet,L249 p2,
Götzen,L55 p2; L55 p3,
Gouv,L23 p1,
Gouver,L54 p3,
Grenoble,L4 p1; L279 p1; L279 p2; L282 p2,
Gumperts,L218 p3,
Habseeligkeiten,L190 p3,
Hallen,L191 p11,
Hauptmann,L80 p1,
Hegener,L197 p1,
Heidelburg,L36 p5,
Hellen,L179a p1; L188 p1,
Henckel,L55 p2,
Hénneberg,L303 p7,
Höchſtſerl,L87 p1,
Hofft,L253 p1,
Hofnung,L205 p2,
Hohlen,L214 p4,
Höhneln,L185 p1,
Holly,L303 p3,
Hoyok,L57 p2,
Husslarzewski,L162 p3,
Indult,L48 p1,
Jarnowski,L72a p2,
Jezierski,L28 p1,
Johanne,L21 p1,
Jordan,L268 p3,
Just,L276 p1,
Justizminister,L74a p2,
Kalckreuthern,L164 p1,
Kammern,L87 p2,
Kehr,L297 p4,
Keller,L182 p2,
Kirch,L268 p1,
Kirchen,L8 p1,
Kluge,L303 p1,
Knesebeck,L59 p3,
Knobelse,L203 p1,
Knobelu,L64 p3,
Knobloch,L99 p1,
Köchnen,L157 p2,
Konckerten,L41 p3,
Koopf,L303 p8,
Kreczinski,L155 p2,
Kriegesraths,L252 p1,
KriegsRath,L114 p1,
Krüger,L75 p2,
Krüter,L72f p3,
Kurnatowski,L297 p2; L299 p3,
Lämer,L46 p2,
Landen,L74a p2; L115 p2,
Landschafts,L205 p1,
Landtag,L274 p1,
Langenburg,L6 p3; L176 p2; L277 p1; L279 p1 (+1 more),
Lanschen,L303 p8,
Laufzeddeln,L266 p2,
Leopold,L221 p1,
Leutnant,L223 p6,
Lichnowski,L24 p4; L41 p4; L136 p3; L150 p1 (+17 more),
Lichtenau,L303 p2,
Lieferant,L66 p5,
Lipski,L28 p1; L229 p1; L232 p1,
Loen,L60 p3,
Lohen,L41 p3,
Lohimelkenig,L224 p3,
Lottore,L41 p3,
Mädler,L135 p3,
Magistrat,L282 p1,
Maierowitz,L238 p4,
Mandant,L289 p2,
Mandanten,L289 p1,
Mandatario,L28 p1,
Marat,L10 p1,
Marcul,L35 p2,
Marsche,L79 p3,
Marschen,L80 p1,
Małachowski,L146 p2,
Merckel,L55 p4,
Metzig,L41 p4; L140 p2; L140 p5,
Ministerio,L15 p1,
Ministerzen,L2 p4,
Molis,L277 p2,
Morat,L54 p3,
Münchow,L303 p4,
Münsterbge,L179 p2,
Nachweisungen,L34 p1,
Nesſi,L242 p2,
Neucheten,L277 p2,
Neufeln,L20 p1,
Nöldichen,L84 p2; L86 p1; L87 p3; L89 p7 (+2 more),
Obristlieut,L16 p1,
Obristwachtmeister,L57 p2,
Oldenburg,L291 p2,
Oranien,L179 p4,
Ortel,L239 p2,
Otto,L284 p1; L288 p1; L288 p2,
Pankratz,L146 p1,
Pirch,L53 p1; L57 p2; L59 p3,
Politiſchen,L79 p3,
Poten,L55 p3,
Prasident,L162 p2,
Procurator,L229 p1,
Pückler,L303 p2,
Punckts,L273 p1,
Raven,L180 p2,
Rechthoffschen,L303 p8,
Reinbeck,L177 p1,
Rewek,L190 p1,
Rhaden,L198 p3,
Rhode,L32 p2; L43 p2; L156 p4,
Rigs,L163 p4,
Roeder,L238 p3,
Rothkirch,L303 p7,
Rtts,L36 p1,
Ruchils,L103 p4,
Rückstande,L207 p1,
Rudnicki,L128 p2,
Rußisch,L191 p3,
Ruszyno,L223 p2,
Sachsten,L194 p1; L270 p2,
Sachverständigen,L88 p1,
Sanen,L198 p2,
Scharffenbergs,L193 p1,
Scharnewand,L66 p3,
Schimmel,L226 p1,
Schimmelpfennig,L73 p2; L223 p5; L223 p6; L224 p1 (+5 more),
Schleifen,L22 p1,
Schröder,L3 p1,
Schuckman,L108 p1,
Schüler,L273 p1,
Schultz,L78 p1,
Schulze,L78 p2; L81 p1; L81 p2; L83 p1,
Secqebarth,L26 p1,
Secretair,L26 p2,
Seegebarth,L200 p1,
Sobocki,L229 p1,
Solcher,L245 p1,
Spanien,L196 p3; L274 p2; L287 p4,
Spiven,L58 p2,
Staabes,L241 p1,
Stallmeister,L215 p1; L218 p1,
Steger,L228 p1,
Stein,L6 p1; L25 p1; L26 p1; L26 p2 (+18 more),
Stengelin,L15 p3,
Stettinius,L36 p2,
Stocheln,L218 p2,
Stöck,L218 p1,
Stoll,L87 p3,
Strehn,L303 p6,
Stru,L93 p1,
Stumbolt,L247 p1,
Tandel,L182 p2,
Tauenzien,L303 p1,
Teck,L263 p1,
Tesmar,L191 p11,
Teutſchen,L284 p3,
Thaer,L223 p6,
Thorenſchen,L271 p1,
Thule,L16 p1,
Tieten,L77 p1,
Tietz,L31 p2; L34 p1; L191 p7,
Todes,L245 p1,
Trevinitz,L42 p1,
Truben,L50 p1,
Unterpräfecten,L227 p1,
Vesten,L270 p1,
Viedrenrichts,L47 p3,
Voll,L299 p3,
Vorh,L79 p2,
Vorwand,L191 p4,
Wachtmeister,L57 p2,
Weissenfeld,L2 p1,
Weiten,L264 p1,
Weithausen,L73 p1,
Weltzer,L217 p1,
Wennar,L171 p2,
Werner,L134 p2; L135 p1; L135 p2; L135 p3 (+1 more),
Wichtigkeit,L101 p3,
Wieckowski,L72c p1,
Wiesołowski,L174 p3,
Wulffen,L187 p3; L188 p1,
Würde,L141 p2; L205 p3; L217 p4; L259 p2,
Wurt,L244 p1,
Würt,L262 p3,
Wurz,L246 p2,
Zerb,L295 p2,
Zernmieden,L11 p2,
Zichy,L292 p3,
Zimetzkyschen,L303 p7,
Zünger,L287 p2,
Zusagen,L36 p1,
