letter_id,date_iso,precision,source,basis_or_dateline,place,n_lines
1,1815-01-29,day,signature,1815,Schlawenschitz,46
1a,1815-02-12,day,supplied,supplied by researcher,Wien,26
2,1815-02-09,day,signature,Wun den 9ten Febr. 1815,Wien,113
3,1815-02-09,day,supplied,supplied by researcher,Wien[?],62
4,1815,year,signature,Wien d 19ten Mertz 1815 – Nun komm nach Eberhard,Wien,71
5,1816-01-27,day,signature,den 27ten Januar 1816,Blizanow,30
6,1815-05-06,day,signature,1815.,Wien,81
7,1815-03-20,day,signature,Breslau den 20ten März 1815.,Breslau,27
8,1815-03,inferred,inferred,between L7 (20 Mar 1815) and L10 (4 Mar 1815) - both March 1815,Wien[?],29
9,,unknown,none,letter missing/skipped in the archive,,2
10,1815-03-04,day,signature,Wien d. 4ten Merz 1815,Wien,56
11,1815,year,signature,1815.,Wien,69
12,1815-03-04,day,signature,4. Merz 1815,Wien[?],21
13,1815-02-21,day,signature,1815,Wien[?],52
14,1815-02-21,day,signature,Brzeg d 21ten Febr. 1815,Brieg,33
15,1815-02-19,day,signature,ad 19. Febr. 1815,Wien,73
16,1815-04-15,day,signature,1815.,Wien,51
17,1812-06-26,day,signature,26. Juni 1812,,93
18,1812-07-06,day,signature,den 6ten July 1812,Blizanow,89
19,1812-07-06,day,signature,2) 6. Juli 1812,,86
20,1809-03-07,day,signature,1809,Schlawenschitz,91
21,1810-02-18,day,signature,1810.,Kontop,40
22,1810-01-27,day,signature,1810,Kontop,107
23,1810-02-16,day,signature,1810,Kontop,133
24,1806-09-25,day,signature,1806.,Freyberg,110
25,1806-09-28,day,signature,1806.,Berlin,52
26,1806-10-28,day,signature,1806.,Breslau,73
27,1807-10-19,day,signature,1807,Breslau,56
28,1807-10-05,day,signature,1807.,Peisern,83
29,1808-02-10,day,signature,1808,Schlawenschitz,28
30,1808-03-14,day,signature,1808.,Berlin,82
31,1808-04-03,day,signature,Berlin den 3ten April 1808.,Berlin,128
32,1808-04-03,day,signature,den 3. April 1808,Berlin,100
33,1808-04-07,day,signature,Berlin den 7ten April 1808.,Berlin,89
34,1808-04-18,day,signature,1808.,Breslau,53
35,1808-04-25,day,signature,Berlin den 25ten April 1808,Berlin,93
36,1808-03-13,day,signature,[Öh?] 13 März 1808,Öhringen[?],293
37,1808-05-02,day,signature,Berlin d. 2ten May 1808,Berlin,38
38,1808-06-14,day,signature,1808.,Berlin,35
39,1808-07-02,day,signature,Berlin den 2ten July 1808,Berlin,31
40,1808-07-09,day,signature,1808.,Berlin,70
41,1808-09-20,day,signature,Ber[lin?] den 20ten 7br 1808,Berlin,103
42,1809-01-16,day,signature,1809.,Berlin,161
43,1809-01-30,day,signature,1809,Kontop,59
44,1809-02-03,day,signature,d. 3tn Februar 1809. nach Berlin.,,64
45,1809-02-18,day,signature,1809,Kontop,80
46,1809-03-02,day,signature,Berl. d 2 Marz 1809,Berlin,34
47,1809-03,month,supplied,supplied by researcher,Kontop[?],138
48,1809-03-07,day,signature,den 7ten Marz 1809.,Kontop,66
49,1809-03-20,day,signature,1809.,Kontop,34
50,1809-04-08,day,signature,1809.,Schlawenschitz,71
51,1809-04-21,day,signature,1809,Kontop,59
52,1809-05-03,day,signature,1809.,Königsberg,33
53,1809-05-13,day,signature,1809,Königsberg,63
54,1809-03-21,day,signature,1809.,Glogau,89
55,1809-04-12,day,signature,1809.,Breslau,121
56,1809-04-20,day,signature,1809.,Kontop,64
57,1809-05-07,day,signature,7ten May 1809.,Schweinern,116
58,1809-06-03,day,signature,Breslau den 3ten Juny 1809.,Breslau,84
59,1809-07-11,day,signature,d. 11ten July 1809.,Kontop,121
60,1809-08-04,day,signature,1809.,Kontop,102
61,1809-08-31,day,signature,1809.,Kontop,55
62,1809-09,inferred,inferred,between L61 (31 Aug 1809) and L64 (6 Dec 1809),Kontop[?],22
63,1809-12-16,day,supplied,supplied by researcher,,90
64,1809-12-06,day,signature,"v. Triebenfeld, 6 Xbr 1809",,186
65,1809-10-09,day,signature,Kontop d 9tn Octobr 1809.,Kontop,86
66,1809-12-16,day,signature,16. Xbr. 1809,Kontop,120
67,1812,year,signature,"Johanni 1812 dauern — Auch dies glaube ich nicht, dagegen wird",Kontop,103
68,1810-02-18,day,signature,1810.,Kontop,87
69,1810-02-26,day,signature,1810.,Kontop,28
70,1810-03-25,day,signature,1810.,Kontop,72
71,1810-03-30,day,signature,1810,Kontop,34
72,1812-02-23,day,supplied,supplied by researcher,,107
72a,1812-02-23,day,signature,part of letter 72 (see 72); separated from it after the scans showed two documents under one number,Kopojno,81
72b,1812-03-12,day,supplied,supplied by researcher,Blizanow,80
72c,1812-03-08,day,supplied,supplied by researcher,Kalisz,21
72d,1812-03-05,day,supplied,supplied by researcher,Warschau,14
72e,1812-03-05,day,supplied,supplied by researcher,Warschau,18
72f,1812-05-22,day,supplied,supplied by researcher,Kopojno,97
73,1812-01-27,day,signature,Schlawenzitz d 27ten Januar 1812,Schlawenschitz,112
74a,1811-07-30,day,supplied,supplied by researcher,Berlin,89
74b,1811-07,inferred,inferred,undated P.M. note bundled between 74a (30 Jul 1811) and 74c (1 Aug 1811),Berlin,15
74c,1811-08-01,day,supplied,supplied by researcher,Glogau,27
74d,1811-08-06,day,supplied,supplied by researcher,Berlin,33
75,1798-04-01,day,signature,1798.,Breslau,53
76,1798-08-23,day,signature,Breslau den 23ten Aug. 1798.,Breslau,19
77,1798-10-06,day,signature,Berlin d 6ten Octobr 1798,Berlin,72
78,1798-10-06,day,signature,1798,Berlin,66
79,1798-10-08,day,signature,1798.,Berlin,108
80,1798-10-09,day,signature,1798.,Berlin,27
81,1798-10-13,day,signature,1798,Berlin,30
82,1798-10-13,day,signature,1798,Berlin,32
83,1798-10-15,day,signature,1798.,Berlin,71
84,1798-10-20,day,signature,1798.,Berlin,55
85,1798-12-04,day,signature,1798.,Berlin,55
86,1798-12-07,day,signature,Breslau den 7ten Decbr: 1798.,Breslau,86
87,1798-12-07,day,signature,Breslau den 7ten Dezbr 1798.,Breslau,98
88,1798-12-08,day,signature,Breslau den 8ten Dezbr. 1798,Breslau,44
89,1798-12-12,day,signature,Berlin[?] d. 12ten Xbr 1798.,Berlin,174
90,1798-12-14,day,signature,Berlin d. 14ten Xbr 1798.,Berlin,27
91,1798-12-17,day,signature,1798.,Berlin,31
92,1798-12-18,day,signature,1798.,Berlin,21
93,1798-12,month,signature,Berlin d 18t Xbr 1798.,Berlin,67
94,1798-12-18,day,signature,1798.,Berlin,36
95,1798-12-29,day,signature,Berlin den 29ten Xbr 1798,Berlin,54
96,1799-01-01,day,signature,Berlin d 1ten Januar 1799,Berlin,71
97,1799-01,month,signature,1799.,Berlin,49
98,1799-01-09,day,signature,1799.,Berlin,79
99,1799-02-01,day,signature,Breslau den 1ten Febr. 1799.,Breslau,62
100,1799-01-25,day,signature,den 25ten Januar 1799.,Berlin,20
101,1800-05,month,signature,"stät ich alleruntertänigst dringendst, beym Ende der Pacht 1800 Jhr",,202
102,1799-03-06,day,signature,Breslau d 6ten Marz 1799.,Breslau,76
103,1799-03-13,day,signature,1799.,Breslau,110
104,1799-04-03,day,signature,Breslau den 3ten April 1799,Breslau,69
105,1799-04-30,day,signature,Berlin d. 30ten April 1799.,Berlin,52
106,1799-05-25,day,signature,1799.,Berlin,61
107,1799-10-21,day,signature,1799,Berlin,71
108,1800-07-22,day,signature,Breslau d 22 July 1800,Breslau,48
109,1801-01-31,day,supplied,supplied by researcher,Berlin,48
110,1801-02-07,day,signature,Berlin den 7ten Febr. 1801.,Berlin,26
111,1801-02,month,signature,Berlin d. 10t Febr. 1801.,Berlin,23
112,1801-02-10,day,signature,ad 10. Febr. 1801.,,54
113,1801-05-23,day,signature,1801,Berlin,37
114,1802-05-02,day,signature,1802.,Berlin,48
115,1802-08-03,day,signature,1802,Breslau,42
116,1803-12-11,day,signature,Bre[slau?] den 11ten Decbr. 1803,Breslau,56
117,1804-02-29,day,signature,29. Febr. 1804.,Breslau,70
118a,1804-02-10,day,supplied,supplied by researcher,Breslau,39
118b,1804-03-29,day,supplied,supplied by researcher,Breslau,25
118c,1804-03-29,day,supplied,supplied by researcher,Breslau,26
119,1804-03-29,day,signature,"v Triebenfeld, Breslau den 29ten Marz 1804",Breslau,48
120,1804-04-02,day,signature,1804,Breslau,38
121,,unknown,none,letter missing/skipped in the archive,,2
122,1804-04-06,day,signature,1804.,Breslau[?],15
123,1804-04-23,day,signature,Breslau den 23ten April 1804,Breslau,21
124,1804-04-24,day,signature,Breslau d 24ten April 1804,Breslau,17
125,1804-04-28,day,signature,Breslau den 28ten April 1804,Breslau,12
126,1804-04-30,day,signature,[Breslau?] den 30ten April 1804,Breslau?,18
127,1804-05-02,day,signature,Breslau den 2ten May 1804,Breslau,27
128,1804-05-08,day,signature,1804,Trąbczyn,92
129,1804-05-15,day,signature,Breslau[?] d. 15ten May 1804.,Breslau,32
130,1804-05-17,day,signature,1804.,Frankfurt an der Oder,38
131,1804-05-19,day,signature,1804.,Berlin,35
132,1804-05-23,day,signature,den 23 May 1804.,Frankfurt an der Oder,62
133,1804-05-23,day,signature,1804,Frankfurt an der Oder,98
134,1804-05-26,day,signature,Berl. d. 26ten May 1804,Berlin,160
135,1804-05-22,day,signature,B[erlin?] den 22ten May 1804.,Berlin,77
136,1804-06,month,signature,d 13t Juny 1804,Frankfurt an der Oder,252
137,1804-06-21,day,signature,1804.,Frankfurt an der Oder,53
138,1804-07-03,day,signature,Ber[lin?] d. 3. July 1804,Berlin,27
139,1804-07-22,day,signature,1804,Posen,86
140,1804-07-26,day,signature,1804,Betsche,169
141,1804-08-04,day,signature,1804,Posen,50
142,1804-09-12,day,signature,Breslau den 12. 7br. 1804.,Breslau,34
143,1804-10-20,day,signature,Berlin den 20. Octobr. 1804.,Berlin,23
144,1804-11-03,day,supplied,supplied by researcher,Berlin,17
145,1804-11-14,day,signature,1804.,Kalisz,35
146,1804-11-17,day,signature,1804,Trąbczyn,101
147,1804-11-25,day,signature,1804.,Trąbczyn,65
148,1804-12-02,day,signature,den 2ten Xbr 1804.,Trąbczyn,21
149,1804-12-02,day,signature,1804,Trąbczyn,65
150,1804-11-27,day,signature,d. 27ten Nov. 1804,,18
151,1804-12-07,day,signature,1804,Trąbczyn,67
152,1805-01-07,day,signature,1805.,Berlin,38
153,1805-01-12,day,signature,12. Jan 1805,Berlin[?],23
154,1805-01-15,day,signature,1805,Berlin,49
155,1805-01-16,day,signature,1805.,Breslau,38
156,1805-01-19,day,signature,1805.,Berlin,87
157,1805-01-22,day,signature,1805.,Berlin,47
158,1805-01-26,day,signature,1805,Berlin,91
159,1805-01-31,day,signature,Berlin den 31ten Januar 1805.,Berlin,24
160,1805-02,month,signature,1805,Berlin,50
161,1805-02-09,day,signature,Berlin d. 9. Feb 1805,Berlin,35
162,1805-02-24,day,signature,Kalisz den 24ten Febr. 1805.,Kalisz,72
163,1805-03-01,day,signature,1805,Kalisz,95
164,1805-03-04,day,signature,Kalisz d 4ten März 1805.,Kalisz,101
165,1805,year,signature,1805.,Breslau,34
166,1805-07-29,day,signature,1805.,Trąbczyn,100
167,1805-07-07,day,signature,1805.,Öhringen,27
168,1805-03-31,day,signature,den 31ten März 1805,Trąbczyn,111
169,1805,year,signature,Kalisz den 10ten Mertz 1805.,Kalisz,97
170,1805-03-19,day,signature,1805,Breslau,40
171,1805-11-24,day,signature,1805,Erfurt,34
172,1805-03-28,day,signature,1805.,Trąbczyn,57
173,1805-03-31,day,supplied,supplied by researcher,,103
174,1805-03-13,day,signature,1805,Kalisz,78
175,1805-08-02,day,signature,1805.,Breslau,22
176,1805-08-04,day,signature,Breslau den 4ten August 1805,Breslau,58
177,1805-09-24,day,signature,1805,Berlin,166
178,1805-11-08,day,signature,1805.,Dresden,27
179,1806-05-01,day,signature,1806.,Berlin,217
179a,1806-04-25,day,supplied,supplied by researcher,,179
180,1806-05-08,day,signature,1806,Berlin,53
181,,unknown,none,letter missing/skipped in the archive,,2
182,1806-05,month,signature,1806,Berlin,96
183,1806-05,inferred,inferred,between L182 (May 1806) and L184 (15 May 1806),,15
184,1806-05-15,day,signature,Ingelfingen d 15ten Maj 1806.,Ingelfingen,32
185,1806-05-20,day,signature,den 20ten May 1806,Berlin,34
186,1810-08-29,day,supplied,supplied by researcher,Breslau,17
187,1806-06-17,day,signature,1806.,Berlin,72
188,1806-06-25,day,signature,1806.,Breslau,58
189,1806-07-19,day,signature,1806.,Klein Althammer,47
190,1806-04-10,day,signature,1806.,Öhringen,87
191,1806-08-06,day,signature,1806.,Trąbczyn,350
192,1806-08-12,day,signature,1806,Trąbczyn,69
193,1810-04-10,day,signature,1810.,Kontop,40
194,1810-04-22,day,signature,1810,Kontop,46
195,1810-05,month,signature,1810.,Breslau,53
196,1810-05-25,day,signature,Schwarzwald bey Medzibor d. 25ten May 1810.,Schwarzwald bey Medzibor,68
197,1810-05-31,day,signature,1810.,Ollaboch,47
198,1810-06-08,day,signature,8tn Juny 1810.,Kantwicz[?],89
199,1810-08-19,day,signature,1810.,Breslau,32
200,1810-08-27,day,signature,1810,Breslau,53
201,1810-08-29,day,signature,1810.,Breslau,31
202,1810-08-30,day,supplied,supplied by researcher,Schweinern,35
203,1810-08-02,day,signature,1810,Schweinern,76
204,1810-09-06,day,signature,1810.,Breslau,29
205,1810-09-11,day,signature,1810.,Breslau,70
206,1810-09-16,day,signature,1810,Breslau,60
207,1810-09-30,day,signature,Kalisz am 30ten Septr 1810.,Kalisz,34
208,1810-10-05,day,signature,1810,Breslau,54
209,1810-10-16,day,signature,1810.,Breslau,14
210,1810-11-13,day,signature,1810,Kalisz,116
211,1810-11,month,signature,1810,Klein Öhringen,25
212,1811-01-01,day,signature,1811,Swiątniki,100
213,1811-01-27,day,signature,Swiątniki den 27ten Januar 1811,Swiątniki,131
214,1811-07-21,day,signature,1811.,Kalisz,96
215,1811-07,inferred,inferred,between L214 (21 Jul 1811) and L216 (29 Jul 1811),,300
216,1811-07-29,day,signature,d 29ten July 1811.,Blizanow,58
217,1811-08-15,day,signature,1811,Berlin,87
218,1811-09-21,day,signature,d 21tn 7br 1811,Blizanow,96
219,1811-09-30,day,signature,Blizanow d 30ten 7br 1811,Blizanow,29
220,1811-10-31,day,signature,1811.,Brieg,64
221,1811-11-20,day,signature,d 20ten 9br 1811.,Blizanow,87
222,1811-12-01,day,signature,1811,Blizanow,76
223,1811-12-04,day,signature,Schlawenschitz den 4. Xbr 1811.,Schlawenschitz,269
224,1811-12,inferred,inferred,between L223 (4 Dec 1811) and L226 (20 Dec 1811),,124
225,,unknown,none,letter missing/skipped in the archive,,2
226,1811-12-20,day,signature,den 20ten Decbr. 1811,Blizanow,78
227,1812-01-04,day,signature,1812,Blizanow,89
228,1812-01-17,day,signature,1812.,Schlawenschitz,39
229,1812-01-27,day,signature,den 27ten Januar 1812,Blizanow,47
230,1812-01,inferred,inferred,between L229 (27 Jan 1812) and L233 (26 Jun 1812),,120
231,1812-01-09,day,signature,Breslau d 9ten Januar 1812,Breslau,21
232,1812-06-16,day,supplied,supplied by researcher,Kopojno,97
233,1812-06-26,day,signature,1812,Blizanow,94
234,1812-07-06,day,signature,Blizanow den 6ten July 1812,Blizanow,91
235,1812-07-18,day,signature,d 18ten July 1812,Blizanow,42
236,1812-07,month,signature,1812,Blizanow,46
237,1813-04-29,day,signature,1813,Kalisz,32
238,1813-05-09,day,signature,9ten May 1813,Schlawenschitz,96
239,1813-06-19,day,signature,19 Juny 1813,Neisse,43
240,1813-06-20,day,signature,1813.,Neustadt,50
241,1813-06-22,day,signature,1813,Neisse,31
242,1814-10-12,day,signature,"Wien den 12ten 8br 1814, treu unterthänigsten Diener v Triebenfeld",Wien,56
243,1814-10-13,day,signature,[Wien] d 13ten 8br 1814.,Wien,31
244,1814-10-18,day,signature,1814.,Wien,66
245,1814-10-20,day,signature,1814,Wien,100
246,1814-10-25,day,signature,1814,Wien,57
247,1799-08,month,signature,5. dem E. Aug. laut Urkunde und Verg. von 1799 - 18000,Wien,96
248,1814-11-05,day,signature,1814.,Wien,60
249,1814-11-17,day,signature,1814.,Wien,46
250,1814-11-05,day,signature,Wien d. 5ten November 1814.,Wien,17
251,1814-11-19,day,signature,1814,Wien,33
252,1814-11-25,day,signature,Wien den 25ten Novembr 1814.,Wien,12
253,1814-11-26,day,signature,1814,Wien,43
254,1814-09,month,supplied,supplied by researcher,Wien[?],124
255,1814-11-30,day,signature,1814.,Wien,40
256,1814-12-07,day,signature,1814.,Wien,45
257,1814-10-07,day,signature,darin d. 7. Oct. 1814,,17
258,1814-12-07,day,signature,Wien den 7ten Decbr. 1814,Wien,36
259,1814-12-08,day,signature,Wien d. 8tn. Xbr 1814.,Wien,55
260,1814-12-10,day,signature,1814.,Wien,80
261,1814-12-13,day,signature,d 13tn Decbr. 1814.,Wien,60
262,1814-12-20,day,signature,1814.,Wien,78
263,1814-12-28,day,signature,1814.,Wien,49
264,1815-01,month,signature,Januar 1815,Schlawenschitz,80
265a,1815-01-08,day,supplied,supplied by researcher,Schlawenschitz,38
265b,1815-01-15,day,supplied,supplied by researcher,Schlawenschitz,32
266,1815-01-10,day,signature,1815.,Wien,58
267,1815-01-13,day,signature,1815.,Wien,40
268,1815-01-20,day,signature,1815,Wien,80
269,1815-01-30,day,signature,1815.,Wien,47
269a,1815-01-24,day,supplied,supplied by researcher,Wien,35
270,1815-02-02,day,signature,1815.,Wien,67
271,1815-02-13,day,signature,Wien den 13ten Febr. 1815,Wien,46
272,1815-02-15,day,signature,d 15ten Febr. 1815,,81
273,1815-02-15,day,signature,1815.,Wien,118
274,1815-02-25,day,signature,den 25 Febr 1815,Wien,79
275,1815-02-28,day,signature,1815,Wien,34
276,1815-03-04,day,supplied,supplied by researcher,Wien,66
277,1815-03-11,day,signature,1815,Wien,58
278,1815-03-12,day,signature,d 12ten März 1815,Brieg,62
279,1815-03-18,day,signature,1815,Wien[?],54
280,1815-03-21,day,signature,1815,Wien,70
281,1815,year,signature,Wien den 24ten Mertz 1815.,Wien,58
282,1815-03-26,day,signature,1815.,Wien,73
283,1815,year,signature,Vienne le 26 Mars 1815.,Wien,24
284,1815-03-27,day,signature,Wien d 27ten März 1815,Wien,120
285,1815-03-27,day,signature,1815.,,63
286,1815-03-31,day,signature,1815.,Wien,146
287,1815-04-13,day,signature,1815.,Wien,137
288,1815-04-19,day,signature,Wien den 19ten April 1815,Wien,62
289,1815-05-05,day,signature,Wien den 5. May 1815,Wien,94
290,1815-05-20,day,signature,Wien d 20ten May 1815 - ganz gehorſamster die v Triebenfeld,Wien,42
291,1815-05-24,day,signature,Wien den 24ten May 1815,Wien,54
292,1815-05-27,day,signature,1815,Wien,93
293,,unknown,none,letter missing/skipped in the archive,,2
294,1815-06-07,day,signature,den 7 Junij 1815.,Wien,38
295,1815-11-17,day,signature,1815,Posen,60
296,1815-12-08,day,signature,8 Xbr. 1815.,Berlin,51
297,1815-12-19,day,signature,1815.,Blizanow,127
298,1815-12-22,day,signature,Blizanow d 22 ten Xbr 1815,Blizanow,54
299,1816-01-16,day,signature,1816.,Blizanow,117
300,1816-01,month,signature,2[9?] Januar 1816,Blizanow,50
301,1816-01-31,day,signature,1816.,Blizanow,41
302,1809-03-07,day,twin,same document as letter 48,Kontop,67
303,,unknown,none,"register/ledger document, no date given in the source",,153
