key,unit,letter,line,word,options,note,summary
b01,app536046,2,9,Laetare,Laetare|Invocavit,"The new document, entry no. 17 (leaf 183 recto, about the middle of the page): the day fixed for the hearing at Trąbczyn, ""Feria 2da post Dominicam ... Quadragesimalem in anno futuro"". I read Laetare (30 March 1778). The citation to this hearing in Konin Gr.117 has Invocavit (9 March 1778); that is the next row.",
b02,app53170koningr117,1,5,Invocavit,Invocavit|Laetare,"Leaf 35, the report of 7 March 1778: the same hearing, ""in et pro Feria Secunda post Dominicam ... Quadragesimalem ad Fundum Bonorum Trąmpczyn designato"". I read Invocavit. If both stand as written, the two documents disagree and the pages say so.",
b03,app536046,2,9,Vit[k?]ovien~,Vit[k?]ovien~|Vitkovien~|Vithovien~,"The same new document, sixth line: the town of the merchant Tracholz, ""mercatorem et Incolam ..."". Your first reading had ""vithovie~[?]"". I cannot tell the fourth letter. If you know the town, type it under ""Something else"".",
b04,app536046,2,9,initi[?],initi[?]|initi|initorum|initiorum,"The same new document, eleventh line: ""cum honorato Tracholz et olim M. Paulum Prusimski ... praetendit"", the contract ""entered into"". Only the ending is in doubt.",
b05,app536046,1,3,Die 28 mensis 8bris,Die 28 mensis 8bris|Die 20 mensis 8bris,"Entry no. 16, leaf 182 verso: the day of Chełmski's own search at Konin, ""tertiam coram actis Castren~ Coninen~ Die .. mensis 8bris"". Your text has the 28th; the film may have the 20th, the day the sitting opened.",
b06,app536047,1,10,in Cancellaria,Closing rule: keep the sentence|Struck out: leave the sentence out,"Leaf 236 verso, the end of entry no. 26. Please look at the page.","The last sentence of the decree, from ""Inquisitiones vero ad praesens ..."" to ""... D [R?] Robore"", has pen lines drawn along its two lines of writing. I took them for the rule that closes the entry, because the sentence cannot end without those words, and kept the text. If they are a deletion, the sentence comes out."
b07,app53170koningr145,1,405,niedziel dwanaście,"Enters the tower twelve weeks after the decree, sits two weeks|Sits twelve weeks, then two more","Leaf 710, the tower sentence. This is the one place where I read the Polish differently from your translation.","Your English: ""shall sit in the tower of the Konin municipal court for twelve weeks from the time of the present decree, and shall continue that sitting for two weeks consecutively"". Mine, now in the edition: ""shall take his seat in the tower of the Konin municipal court twelve weeks from the time of the present decree, and shall continue that sitting for two weeks consecutively"". The Polish ""za niedziel dwanaście od czasu dekretu"" sets when he is to go in; ""przez niedziel dwie"" says how long he sits."
b08,app53170koningr145,1,162,i wpada w drogę Zagórowską,The English is fine|I will revise the English,Leaf 680 recto. About a hundred Polish words here had no English at all in your translation; I translated the paragraph. Open the document and read the English of this page.,"A paragraph I translated myself, because your English lacked it: the course of the Osiny road, which ""falls into the Zagórów road a few staje from here, and then also crosses the Zagórów road below the hill"". Please read my English on the document's page and say whether it stands."
b09,app53170koningr118,2,8,Relatio,Fine as it is|I will correct it,"Leaf 266 verso (photograph 272), the second document of Konin Gr.118. You had not transcribed this note; I transcribed and translated it. Please check the Latin against the page and the English beside it.",A one-line register note that I transcribed and translated myself: Zielonacki cites Prusimski to the sitting on the ground at Grab. It is short. Please check it against the page.
b10,app53170koningr116,5,32,Citraque,Citraque|Cumque,"Rajewicz's protest in Konin Gr.116: ""... Involverat ...que Ejus Assensum res Sunt gestae"". I read ""Citr|que"" over the line end: the things were done WITHOUT his consent. Your English had ""with his consent [?]"". It is changed; please look at the word.",
b11,app53170koningr120,1,5,Kinos,Keep it|Take it out: not relevant,"Konin Gr.120, leaf 63.","This entry names neither Prusimski nor Chełmski: Andrzej Kinos, a working man of Trąbczyn, shows the office his wounds. I built it because you transcribed it and he is a Trąbczyn subject, and I asked who Marcin Sarzyński is to this story. Given what you said about entry no. 43: does it stay?"
b12,app53170koningr119,1,4,Capitaneo,"Leave ""Captain"" as I wrote it|Make it ""Starost"" throughout","Konin Gr.119, all eight documents.","Your English of this one holding has ""Captain of Niszczewice"" and ""Captain-General of Greater Poland"" for ""Capitaneus"" (sixteen times); all your other translations have ""Starost"". It is left as you wrote it."
b13,app53170koningr145,1,405,niedziel dwanaście,"Go ahead, as with the earlier holdings|Hold the Poznań page images back","A decision, not a reading; the link only opens the first of the new holdings.","Publishing puts about 240 more page images from the State Archive in Poznań online, some of them with the Skanoteka watermark. The archives' permission for the scans is still on your list as open ""before wider sharing"". The earlier holdings went online with that question open."
b14,app53170koningr145,1,405,niedziel dwanaście,Wait|Publish now,"A decision, not a reading. ""Publish now"" is your word: I push, watch the build, and check the live pages.","Publish the twenty-one Prusimski-era holdings (93 documents, 1589 to 1788)? Everything is built, verified and committed here; nothing of it is online yet. None of the rows above has to be answered first."
